AT1,AT2,AT3,AT4,AT5,AT6,AT7,AT8,AT9,AT10,AT11,AT12,AT13,AT14,AT15,AT16,AT17,AT18,AT19,AT20
0,6,4,3,1169,A65,A75,4,A93,A101,4,A121,67,A143,A152,2,A173,1,A192,A201
1,48,2,3,5951,A61,A73,2,A92,A101,2,A121,22,A143,A152,1,A173,1,A191,A201
3,12,4,6,2096,A61,A74,2,A93,A101,3,A121,49,A143,A152,1,A172,2,A191,A201
0,42,2,2,7882,A61,A74,2,A93,A103,4,A122,45,A143,A153,1,A173,2,A191,A201
0,24,3,0,4870,A61,A73,3,A93,A101,4,A124,53,A143,A153,2,A173,2,A191,A201
3,36,2,6,9055,A65,A73,2,A93,A101,4,A124,35,A143,A153,1,A172,2,A192,A201
3,24,2,2,2835,A63,A75,3,A93,A101,4,A122,53,A143,A152,1,A173,1,A191,A201
1,36,2,1,6948,A61,A73,2,A93,A101,2,A123,35,A143,A151,1,A174,1,A192,A201
3,12,2,3,3059,A64,A74,2,A91,A101,4,A121,61,A143,A152,1,A172,1,A191,A201
1,30,4,0,5234,A61,A71,4,A94,A101,2,A123,28,A143,A152,2,A174,1,A191,A201
1,12,2,0,1295,A61,A72,3,A92,A101,1,A123,25,A143,A151,1,A173,1,A191,A201
0,48,2,9,4308,A61,A72,3,A92,A101,4,A122,24,A143,A151,1,A173,1,A191,A201
1,12,2,3,1567,A61,A73,1,A92,A101,1,A123,22,A143,A152,1,A173,1,A192,A201
0,24,4,0,1199,A61,A75,4,A93,A101,4,A123,60,A143,A152,2,A172,1,A191,A201
0,15,2,0,1403,A61,A73,2,A92,A101,4,A123,28,A143,A151,1,A173,1,A191,A201
0,24,2,3,1282,A62,A73,4,A92,A101,2,A123,32,A143,A152,1,A172,1,A191,A201
3,24,4,3,2424,A65,A75,4,A93,A101,4,A122,53,A143,A152,2,A173,1,A191,A201
0,30,0,9,8072,A65,A72,2,A93,A101,3,A123,25,A141,A152,3,A173,1,A191,A201
1,24,2,1,12579,A61,A75,4,A92,A101,2,A124,44,A143,A153,1,A174,1,A192,A201
3,24,2,3,3430,A63,A75,3,A93,A101,2,A123,31,A143,A152,1,A173,2,A192,A201
3,9,4,0,2134,A61,A73,4,A93,A101,4,A123,48,A143,A152,3,A173,1,A192,A201
0,6,2,3,2647,A63,A73,2,A93,A101,3,A121,44,A143,A151,1,A173,2,A191,A201
0,10,4,0,2241,A61,A72,1,A93,A101,3,A121,48,A143,A151,2,A172,2,A191,A202
1,12,4,1,1804,A62,A72,3,A93,A101,4,A122,44,A143,A152,1,A173,1,A191,A201
3,10,4,2,2069,A65,A73,2,A94,A101,1,A123,26,A143,A152,2,A173,1,A191,A202
0,6,2,2,1374,A61,A73,1,A93,A101,2,A121,36,A141,A152,1,A172,1,A192,A201
3,6,0,3,426,A61,A75,4,A94,A101,4,A123,39,A143,A152,1,A172,1,A191,A201
2,12,1,3,409,A64,A73,3,A92,A101,3,A121,42,A143,A151,2,A173,1,A191,A201
1,7,2,3,2415,A61,A73,3,A93,A103,2,A121,34,A143,A152,1,A173,1,A191,A201
0,60,3,9,6836,A61,A75,3,A93,A101,4,A124,63,A143,A152,2,A173,1,A192,A201
1,18,2,9,1913,A64,A72,3,A94,A101,3,A121,36,A141,A152,1,A173,1,A192,A201
0,24,2,2,4020,A61,A73,2,A93,A101,2,A123,27,A142,A152,1,A173,1,A191,A201
1,18,2,0,5866,A62,A73,2,A93,A101,2,A123,30,A143,A152,2,A173,1,A192,A201
3,12,4,9,1264,A65,A75,4,A93,A101,4,A124,57,A143,A151,1,A172,1,A191,A201
2,12,2,2,1474,A61,A72,4,A92,A101,1,A122,33,A141,A152,1,A174,1,A192,A201
1,45,4,3,4746,A61,A72,4,A93,A101,2,A122,25,A143,A152,2,A172,1,A191,A201
3,48,4,6,6110,A61,A73,1,A93,A101,3,A124,31,A141,A153,1,A173,1,A192,A201
2,18,2,3,2100,A61,A73,4,A93,A102,2,A121,37,A142,A152,1,A173,1,A191,A201
2,10,2,4,1225,A61,A73,2,A93,A101,2,A123,37,A143,A152,1,A173,1,A192,A201
1,9,2,3,458,A61,A73,4,A93,A101,3,A121,24,A143,A152,1,A173,1,A191,A201
3,30,2,3,2333,A63,A75,4,A93,A101,2,A123,30,A141,A152,1,A174,1,A191,A201
1,12,2,3,1158,A63,A73,3,A91,A101,1,A123,26,A143,A152,1,A173,1,A192,A201
1,18,3,5,6204,A61,A73,2,A93,A101,4,A121,44,A143,A152,1,A172,2,A192,A201
0,30,4,1,6187,A62,A74,1,A94,A101,4,A123,24,A143,A151,2,A173,1,A191,A201
0,48,4,1,6143,A61,A75,4,A92,A101,4,A124,58,A142,A153,2,A172,1,A191,A201
3,11,4,0,1393,A61,A72,4,A92,A101,4,A123,35,A143,A152,2,A174,1,A191,A201
3,36,2,3,2299,A63,A75,4,A93,A101,4,A123,39,A143,A152,1,A173,1,A191,A201
0,6,2,1,1352,A63,A71,1,A92,A101,2,A122,23,A143,A151,1,A171,1,A192,A201
3,11,4,0,7228,A61,A73,1,A93,A101,4,A122,39,A143,A152,2,A172,1,A191,A201
3,12,2,3,2073,A62,A73,4,A92,A102,2,A121,28,A143,A152,1,A173,1,A191,A201
1,24,3,2,2333,A65,A72,4,A93,A101,2,A122,29,A141,A152,1,A172,1,A191,A201
1,27,3,1,5965,A61,A75,1,A93,A101,2,A123,30,A143,A152,2,A174,1,A192,A201
3,12,2,3,1262,A61,A73,3,A93,A101,2,A123,25,A143,A152,1,A173,1,A191,A201
3,18,2,1,3378,A65,A73,2,A93,A101,1,A122,31,A143,A152,1,A173,1,A192,A201
1,36,3,0,2225,A61,A75,4,A93,A101,4,A124,57,A141,A153,2,A173,1,A192,A201
3,6,1,0,783,A65,A73,1,A93,A103,2,A121,26,A142,A152,1,A172,2,A191,A201
1,12,2,3,6468,A65,A71,2,A93,A101,1,A124,52,A143,A152,1,A174,1,A192,A201
3,36,4,3,9566,A61,A73,2,A92,A101,2,A123,31,A142,A152,2,A173,1,A191,A201
2,18,2,0,1961,A61,A75,3,A92,A101,2,A123,23,A143,A152,1,A174,1,A191,A201
0,36,4,2,6229,A61,A72,4,A92,A102,4,A124,23,A143,A151,2,A172,1,A192,A201
1,9,2,9,1391,A61,A73,2,A94,A101,1,A121,27,A141,A152,1,A173,1,A192,A201
1,15,4,3,1537,A65,A75,4,A93,A103,4,A121,50,A143,A152,2,A173,1,A192,A201
1,36,0,9,1953,A61,A75,4,A93,A101,4,A124,61,A143,A153,1,A174,1,A192,A201
1,48,0,9,14421,A61,A73,2,A93,A101,2,A123,25,A143,A152,1,A173,1,A192,A201
3,24,2,3,3181,A61,A72,4,A92,A101,4,A122,26,A143,A152,1,A173,1,A192,A201
3,27,2,5,5190,A65,A75,4,A93,A101,4,A122,48,A143,A152,4,A173,2,A192,A201
3,12,2,3,2171,A61,A72,2,A92,A101,2,A123,29,A141,A152,1,A173,1,A191,A201
1,12,2,0,1007,A64,A73,4,A94,A101,1,A121,22,A143,A152,1,A173,1,A191,A201
3,36,2,6,1819,A61,A73,4,A93,A101,4,A124,37,A142,A153,1,A173,1,A192,A201
3,36,2,3,2394,A65,A73,4,A92,A101,4,A123,25,A143,A152,1,A173,1,A191,A201
3,36,2,1,8133,A61,A73,1,A92,A101,2,A122,30,A141,A152,1,A173,1,A191,A201
3,7,4,3,730,A65,A75,4,A93,A101,2,A122,46,A143,A151,2,A172,1,A192,A201
0,8,4,10,1164,A61,A75,3,A93,A101,4,A124,51,A141,A153,2,A174,2,A192,A201
1,42,4,9,5954,A61,A74,2,A92,A101,1,A121,41,A141,A152,2,A172,1,A191,A201
0,36,2,6,1977,A65,A75,4,A93,A101,4,A124,40,A143,A152,1,A174,1,A192,A201
0,12,4,1,1526,A61,A75,4,A93,A101,4,A124,66,A143,A153,2,A174,1,A191,A201
0,42,2,3,3965,A61,A72,4,A93,A101,3,A123,34,A143,A152,1,A173,1,A191,A201
1,11,3,3,4771,A61,A74,2,A93,A101,4,A122,51,A143,A152,1,A173,1,A191,A201
3,54,0,1,9436,A65,A73,2,A93,A101,2,A122,39,A143,A152,1,A172,2,A191,A201
1,30,2,2,3832,A61,A72,2,A94,A101,1,A122,22,A143,A152,1,A173,1,A191,A201
3,24,2,3,5943,A65,A72,1,A92,A101,1,A123,44,A143,A152,2,A173,1,A192,A201
3,15,2,3,1213,A63,A75,4,A93,A101,3,A122,47,A142,A152,1,A173,1,A192,A201
3,18,2,9,1568,A62,A73,3,A92,A101,4,A122,24,A143,A151,1,A172,1,A191,A201
0,24,2,10,1755,A61,A75,4,A92,A103,4,A121,58,A143,A152,1,A172,1,A192,A201
0,10,2,3,2315,A61,A75,3,A93,A101,4,A121,52,A143,A152,1,A172,1,A191,A201
3,12,4,9,1412,A61,A73,4,A92,A103,2,A121,29,A143,A152,2,A174,1,A192,A201
1,18,4,2,1295,A61,A72,4,A92,A101,1,A122,27,A143,A152,2,A173,1,A191,A201
1,36,2,6,12612,A62,A73,1,A93,A101,4,A124,47,A143,A153,1,A173,2,A192,A201
0,18,2,0,2249,A62,A74,4,A93,A101,3,A123,30,A143,A152,1,A174,2,A192,A201
0,12,0,5,1108,A61,A74,4,A93,A101,3,A121,28,A143,A152,2,A173,1,A191,A201
3,12,4,3,618,A61,A75,4,A93,A101,4,A121,56,A143,A152,1,A173,1,A191,A201
0,12,4,1,1409,A61,A75,4,A93,A101,3,A121,54,A143,A152,1,A173,1,A191,A201
3,12,4,3,797,A65,A75,4,A92,A101,3,A122,33,A141,A152,1,A172,2,A191,A201
2,24,4,2,3617,A65,A75,4,A93,A102,4,A124,20,A143,A151,2,A173,1,A191,A201
1,12,2,0,1318,A64,A75,4,A93,A101,4,A121,54,A143,A152,1,A173,1,A192,A201
1,54,0,9,15945,A61,A72,3,A93,A101,4,A124,58,A143,A151,1,A173,1,A192,A201
3,12,4,6,2012,A65,A74,4,A92,A101,2,A123,61,A143,A152,1,A173,1,A191,A201
1,18,2,9,2622,A62,A73,4,A93,A101,4,A123,34,A143,A152,1,A173,1,A191,A201
1,36,4,3,2337,A61,A75,4,A93,A101,4,A121,36,A143,A152,1,A173,1,A191,A201
1,20,3,1,7057,A65,A74,3,A93,A101,4,A122,36,A141,A151,2,A174,2,A192,A201
3,24,2,0,1469,A62,A75,4,A94,A101,4,A121,41,A143,A151,1,A172,1,A191,A201
1,36,2,3,2323,A61,A74,4,A93,A101,4,A123,24,A143,A151,1,A173,1,A191,A201
3,6,3,3,932,A61,A73,3,A92,A101,2,A121,24,A143,A152,1,A173,1,A191,A201
1,9,4,2,1919,A61,A74,4,A93,A101,3,A123,35,A143,A151,1,A173,1,A192,A201
3,12,2,1,2445,A65,A72,2,A94,A101,4,A123,26,A143,A151,1,A173,1,A192,A201
1,24,4,10,11938,A61,A73,2,A93,A102,3,A123,39,A143,A152,2,A174,2,A192,A201
3,18,1,0,6458,A61,A75,2,A93,A101,4,A124,39,A141,A152,2,A174,2,A192,A201
1,12,2,0,6078,A61,A74,2,A93,A101,2,A123,32,A143,A152,1,A173,1,A191,A201
0,24,2,2,7721,A65,A72,1,A92,A101,2,A122,30,A143,A152,1,A173,1,A192,A202
1,14,2,9,1410,A63,A75,1,A94,A101,2,A121,35,A143,A152,1,A173,1,A192,A201
1,6,3,9,1449,A62,A75,1,A91,A101,2,A123,31,A141,A152,2,A173,2,A191,A201
2,15,2,6,392,A61,A72,4,A92,A101,4,A122,23,A143,A151,1,A173,1,A192,A201
1,18,2,0,6260,A61,A74,3,A93,A101,3,A121,28,A143,A151,1,A172,1,A191,A201
3,36,4,0,7855,A61,A73,4,A92,A101,2,A121,25,A142,A152,2,A173,1,A192,A201
0,12,2,3,1680,A63,A75,3,A94,A101,1,A121,35,A143,A152,1,A173,1,A191,A201
3,48,4,3,3578,A65,A75,4,A93,A101,1,A121,47,A143,A152,1,A173,1,A192,A201
0,42,2,3,7174,A65,A74,4,A92,A101,3,A123,30,A143,A152,1,A174,1,A192,A201
0,10,4,2,2132,A65,A72,2,A92,A102,3,A121,27,A143,A151,2,A173,1,A191,A202
0,33,4,2,4281,A63,A73,1,A92,A101,4,A123,23,A143,A152,2,A173,1,A191,A201
1,12,4,0,2366,A63,A74,3,A91,A101,3,A123,36,A143,A152,1,A174,1,A192,A201
0,21,2,3,1835,A61,A73,3,A92,A101,2,A121,25,A143,A152,2,A173,1,A192,A201
3,24,4,1,3868,A61,A75,4,A92,A101,2,A123,41,A143,A151,2,A174,1,A192,A201
3,12,2,2,1768,A61,A73,3,A93,A101,2,A121,24,A143,A151,1,A172,1,A191,A201
2,10,4,0,781,A61,A75,4,A93,A101,4,A124,63,A143,A153,2,A173,1,A192,A201
1,18,2,2,1924,A65,A72,4,A92,A101,3,A121,27,A143,A151,1,A173,1,A191,A201
0,12,4,0,2121,A61,A73,4,A93,A101,2,A122,30,A143,A152,2,A173,1,A191,A201
0,12,2,3,701,A61,A73,4,A94,A101,2,A121,40,A143,A152,1,A172,1,A191,A201
1,12,2,5,639,A61,A73,4,A93,A101,2,A123,30,A143,A152,1,A173,1,A191,A201
1,12,4,1,1860,A61,A71,4,A93,A101,2,A123,34,A143,A152,2,A174,1,A192,A201
0,12,4,0,3499,A61,A73,3,A92,A102,2,A121,29,A143,A152,2,A173,1,A191,A201
1,48,2,0,8487,A65,A74,1,A92,A101,2,A123,24,A143,A152,1,A173,1,A191,A201
0,36,3,6,6887,A61,A73,4,A93,A101,3,A122,29,A142,A152,1,A173,1,A192,A201
3,15,2,2,2708,A61,A72,2,A93,A101,3,A122,27,A141,A152,2,A172,1,A191,A201
3,18,2,2,1984,A61,A73,4,A93,A101,4,A124,47,A141,A153,2,A173,1,A191,A201
3,60,2,3,10144,A62,A74,2,A92,A101,4,A121,21,A143,A152,1,A173,1,A192,A201
3,12,4,3,1240,A65,A75,4,A92,A101,2,A121,38,A143,A152,2,A173,1,A192,A201
3,27,3,1,8613,A64,A73,2,A93,A101,2,A123,27,A143,A152,2,A173,1,A191,A201
1,12,2,3,766,A63,A73,4,A93,A101,3,A121,66,A143,A152,1,A172,1,A191,A201
1,15,4,3,2728,A65,A74,4,A93,A103,2,A121,35,A141,A152,3,A173,1,A192,A201
2,12,2,3,1881,A61,A73,2,A92,A101,2,A123,44,A143,A151,1,A172,1,A192,A201
2,6,2,0,709,A64,A72,2,A94,A101,2,A121,27,A143,A152,1,A171,1,A191,A202
1,36,2,3,4795,A61,A72,4,A92,A101,1,A124,30,A143,A152,1,A174,1,A192,A201
0,27,2,3,3416,A61,A73,3,A93,A101,2,A123,27,A143,A152,1,A174,1,A191,A201
0,18,2,2,2462,A61,A73,2,A93,A101,2,A123,22,A143,A152,1,A173,1,A191,A201
3,21,4,2,2288,A61,A72,4,A92,A101,4,A122,23,A143,A152,1,A173,1,A192,A201
1,48,1,9,3566,A62,A74,4,A93,A101,2,A123,30,A143,A152,1,A173,1,A191,A201
0,6,4,0,860,A61,A75,1,A92,A101,4,A124,39,A143,A152,2,A173,1,A192,A201
3,12,4,0,682,A62,A74,4,A92,A101,3,A123,51,A143,A152,2,A173,1,A192,A201
0,36,4,2,5371,A61,A73,3,A93,A103,2,A122,28,A143,A152,2,A173,1,A191,A201
3,18,4,3,1582,A64,A75,4,A93,A101,4,A123,46,A143,A152,2,A173,1,A191,A201
3,6,2,3,1346,A62,A75,2,A93,A101,4,A124,42,A141,A153,1,A173,2,A192,A201
3,10,2,3,1924,A61,A73,1,A93,A101,4,A122,38,A143,A152,1,A173,1,A192,A202
2,36,2,3,5848,A61,A73,4,A93,A101,1,A123,24,A143,A152,1,A173,1,A191,A201
1,24,4,1,7758,A64,A75,2,A92,A101,4,A124,29,A143,A151,1,A173,1,A191,A201
1,24,3,9,6967,A62,A74,4,A93,A101,4,A123,36,A143,A151,1,A174,1,A192,A201
0,12,2,2,1282,A61,A73,2,A92,A101,4,A123,20,A143,A151,1,A173,1,A191,A201
0,9,4,5,1288,A62,A75,3,A93,A103,4,A121,48,A143,A152,2,A173,2,A191,A202
0,12,1,8,339,A61,A75,4,A94,A101,1,A123,45,A141,A152,1,A172,1,A191,A201
1,24,2,0,3512,A62,A74,2,A93,A101,3,A123,38,A141,A152,2,A173,1,A192,A201
3,6,4,3,1898,A65,A73,1,A93,A101,2,A121,34,A143,A152,2,A172,2,A191,A201
3,24,4,3,2872,A62,A75,3,A93,A101,4,A121,36,A143,A152,1,A173,2,A192,A201
3,18,4,0,1055,A61,A72,4,A92,A101,1,A122,30,A143,A152,2,A173,1,A191,A201
3,15,2,4,1262,A63,A74,4,A93,A101,3,A122,36,A143,A152,2,A173,1,A192,A201
1,10,2,0,7308,A61,A71,2,A93,A101,4,A124,70,A141,A153,1,A174,1,A192,A201
3,36,2,0,909,A63,A75,4,A93,A101,4,A122,36,A143,A152,1,A173,1,A191,A201
3,6,2,2,2978,A63,A73,1,A93,A101,2,A123,32,A143,A152,1,A173,1,A192,A201
0,18,2,2,1131,A61,A71,4,A92,A101,2,A123,33,A143,A152,1,A173,1,A191,A201
1,11,2,2,1577,A64,A72,4,A92,A101,1,A121,20,A143,A152,1,A173,1,A191,A201
3,24,2,2,3972,A61,A74,2,A92,A101,4,A122,25,A143,A151,1,A173,1,A192,A201
1,24,4,9,1935,A61,A75,4,A91,A101,4,A121,31,A143,A152,2,A173,1,A192,A201
0,15,0,0,950,A61,A75,4,A93,A101,3,A123,33,A143,A151,2,A173,2,A191,A201
3,12,2,2,763,A61,A73,4,A92,A101,1,A121,26,A143,A152,1,A173,1,A192,A201
1,24,3,2,2064,A61,A71,3,A92,A101,2,A122,34,A143,A152,1,A174,1,A192,A201
1,8,2,3,1414,A61,A73,4,A93,A103,2,A121,33,A143,A152,1,A173,1,A191,A202
0,21,3,6,3414,A61,A72,2,A93,A101,1,A122,26,A143,A152,2,A173,1,A191,A201
3,30,1,1,7485,A65,A71,4,A92,A101,1,A121,53,A141,A152,1,A174,1,A192,A201
0,12,2,2,2577,A61,A73,2,A91,A101,1,A123,42,A143,A152,1,A173,1,A191,A201
0,6,4,3,338,A63,A75,4,A93,A101,4,A123,52,A143,A152,2,A173,1,A191,A201
3,12,2,3,1963,A61,A74,4,A93,A101,2,A123,31,A143,A151,2,A174,2,A192,A201
0,21,4,0,571,A61,A75,4,A93,A101,4,A121,65,A143,A152,2,A173,1,A191,A201
3,36,3,9,9572,A61,A72,1,A91,A101,1,A123,28,A143,A152,2,A173,1,A191,A201
1,36,3,9,4455,A61,A73,2,A91,A101,2,A121,30,A142,A152,2,A174,1,A192,A201
0,21,1,0,1647,A65,A73,4,A93,A101,2,A122,40,A143,A152,2,A172,2,A191,A201
3,24,4,2,3777,A64,A73,4,A93,A101,4,A121,50,A143,A152,1,A173,1,A192,A201
1,18,4,0,884,A61,A75,4,A93,A101,4,A123,36,A141,A152,1,A173,2,A192,A201
3,15,4,3,1360,A61,A73,4,A93,A101,2,A122,31,A143,A152,2,A173,1,A191,A201
1,9,1,1,5129,A61,A75,2,A92,A101,4,A124,74,A141,A153,1,A174,2,A192,A201
1,16,4,0,1175,A61,A71,2,A93,A101,3,A123,68,A143,A153,3,A171,1,A192,A201
0,12,2,3,674,A62,A74,4,A94,A101,1,A122,20,A143,A152,1,A173,1,A191,A201
1,18,0,2,3244,A61,A73,1,A92,A101,4,A123,33,A141,A152,2,A173,1,A192,A201
3,24,2,9,4591,A64,A73,2,A93,A101,3,A122,54,A143,A152,3,A174,1,A192,A201
1,48,0,9,3844,A62,A74,4,A93,A101,4,A124,34,A143,A153,1,A172,2,A191,A201
1,27,2,9,3915,A61,A73,4,A93,A101,2,A123,36,A143,A152,1,A173,2,A192,A201
3,6,2,3,2108,A61,A74,2,A94,A101,2,A121,29,A143,A151,1,A173,1,A191,A201
1,45,2,3,3031,A62,A73,4,A93,A103,4,A122,21,A143,A151,1,A173,1,A191,A201
1,9,4,6,1501,A61,A75,2,A92,A101,3,A123,34,A143,A152,2,A174,1,A192,A201
3,6,4,3,1382,A61,A73,1,A92,A101,1,A123,28,A143,A152,2,A173,1,A192,A201
1,12,2,2,951,A62,A72,4,A92,A101,4,A123,27,A141,A151,4,A173,1,A191,A201
1,24,2,1,2760,A65,A75,4,A93,A101,4,A124,36,A141,A153,1,A173,1,A192,A201
1,18,3,2,4297,A61,A75,4,A91,A101,3,A124,40,A143,A152,1,A174,1,A192,A201
3,9,4,6,936,A63,A75,4,A93,A101,2,A123,52,A143,A152,2,A173,1,A192,A201
0,12,2,0,1168,A61,A73,4,A94,A101,3,A121,27,A143,A152,1,A172,1,A191,A201
3,27,3,9,5117,A61,A74,3,A93,A101,4,A123,26,A143,A152,2,A173,1,A191,A201
0,12,2,8,902,A61,A74,4,A94,A101,4,A122,21,A143,A151,1,A173,1,A191,A201
3,12,4,0,1495,A61,A75,4,A93,A101,1,A121,38,A143,A152,2,A172,2,A191,A201
0,30,4,1,10623,A61,A75,3,A93,A101,4,A124,38,A143,A153,3,A174,2,A192,A201
3,12,4,2,1935,A61,A75,4,A93,A101,4,A121,43,A143,A152,3,A173,1,A192,A201
1,12,4,4,1424,A61,A74,4,A93,A101,3,A122,26,A143,A152,1,A173,1,A191,A201
0,24,2,9,6568,A61,A73,2,A94,A101,2,A123,21,A142,A152,1,A172,1,A191,A201
3,12,2,1,1413,A64,A74,3,A93,A101,2,A122,55,A143,A152,1,A173,1,A191,A202
3,9,4,3,3074,A65,A73,1,A93,A101,2,A121,33,A143,A152,2,A173,2,A191,A201
3,36,2,3,3835,A65,A75,2,A92,A101,4,A121,45,A143,A152,1,A172,1,A192,A201
0,27,0,9,5293,A61,A71,2,A93,A101,4,A122,50,A142,A152,2,A173,1,A192,A201
2,30,3,9,1908,A61,A75,4,A93,A101,4,A121,66,A143,A152,1,A174,1,A192,A201
3,36,4,3,3342,A65,A75,4,A93,A101,2,A123,51,A143,A152,1,A173,1,A192,A201
1,6,4,8,932,A65,A74,1,A92,A101,3,A122,39,A143,A152,2,A172,1,A191,A201
0,18,0,9,3104,A61,A74,3,A93,A101,1,A122,31,A141,A152,1,A173,1,A192,A201
2,36,2,3,3913,A61,A73,2,A93,A101,2,A121,23,A143,A152,1,A173,1,A192,A201
0,24,2,2,3021,A61,A73,2,A91,A101,2,A121,24,A143,A151,1,A172,1,A191,A201
3,10,2,0,1364,A61,A73,2,A92,A101,4,A123,64,A143,A152,1,A173,1,A192,A201
1,12,2,3,625,A61,A72,4,A94,A103,1,A121,26,A141,A152,1,A172,1,A191,A201
0,12,2,6,1200,A65,A73,4,A92,A101,4,A122,23,A141,A151,1,A173,1,A192,A201
3,12,2,3,707,A61,A73,4,A93,A101,2,A121,30,A141,A152,2,A173,1,A191,A201
3,24,3,9,2978,A65,A73,4,A93,A101,4,A121,32,A143,A152,2,A173,2,A192,A201
3,15,2,1,4657,A61,A73,3,A93,A101,2,A123,30,A143,A152,1,A173,1,A192,A201
3,36,0,5,2613,A61,A73,4,A93,A101,2,A123,27,A143,A152,2,A173,1,A191,A201
1,48,2,3,10961,A64,A74,1,A93,A102,2,A124,27,A141,A152,2,A173,1,A192,A201
0,12,2,2,7865,A61,A75,4,A93,A101,4,A124,53,A143,A153,1,A174,1,A192,A201
3,9,2,3,1478,A61,A74,4,A93,A101,2,A123,22,A143,A152,1,A173,1,A191,A201
0,24,2,2,3149,A61,A72,4,A93,A101,1,A124,22,A141,A153,1,A173,1,A191,A201
2,36,2,3,4210,A61,A73,4,A93,A101,2,A123,26,A143,A152,1,A173,1,A191,A201
3,9,2,0,2507,A63,A75,2,A93,A101,4,A124,51,A143,A153,1,A172,1,A191,A201
3,12,2,3,2141,A62,A74,3,A93,A101,1,A124,35,A143,A152,1,A173,1,A191,A201
1,18,2,3,866,A61,A73,4,A94,A103,2,A121,25,A143,A152,1,A172,1,A191,A201
3,4,4,3,1544,A61,A74,2,A93,A101,1,A121,42,A143,A152,3,A172,2,A191,A201
0,24,2,3,1823,A61,A71,4,A93,A101,2,A123,30,A142,A152,1,A174,2,A191,A201
1,6,2,0,14555,A65,A71,1,A93,A101,2,A122,23,A143,A152,1,A171,1,A192,A201
1,21,2,9,2767,A62,A75,4,A91,A101,2,A123,61,A141,A151,2,A172,1,A191,A201
3,12,4,3,1291,A61,A73,4,A92,A101,2,A122,35,A143,A152,2,A173,1,A191,A201
0,30,2,3,2522,A61,A75,1,A93,A103,3,A122,39,A143,A152,1,A173,2,A191,A201
0,24,2,0,915,A65,A75,4,A92,A101,2,A123,29,A141,A152,1,A173,1,A191,A201
3,6,2,3,1595,A61,A74,3,A93,A101,2,A122,51,A143,A152,1,A173,2,A191,A201
0,48,0,1,4605,A61,A75,3,A93,A101,4,A124,24,A143,A153,2,A173,2,A191,A201
3,12,4,9,1185,A61,A73,3,A92,A101,2,A121,27,A143,A152,2,A173,1,A191,A201
3,12,1,8,3447,A63,A73,4,A92,A101,3,A121,35,A143,A152,1,A172,2,A191,A201
3,24,2,9,1258,A61,A74,4,A93,A101,1,A121,25,A143,A152,1,A173,1,A192,A201
3,12,4,3,717,A61,A75,4,A93,A101,4,A121,52,A143,A152,3,A173,1,A191,A201
3,6,0,0,1204,A62,A73,4,A93,A101,1,A124,35,A141,A151,1,A173,1,A191,A202
2,24,2,2,1925,A61,A73,2,A93,A101,2,A121,26,A143,A152,1,A173,1,A191,A201
3,18,2,3,433,A61,A71,3,A92,A102,4,A121,22,A143,A151,1,A173,1,A191,A201
0,6,4,0,666,A64,A74,3,A92,A101,4,A121,39,A143,A152,2,A172,1,A192,A201
2,12,2,2,2251,A61,A73,1,A92,A101,2,A123,46,A143,A152,1,A172,1,A191,A201
1,30,2,0,2150,A61,A73,4,A92,A103,2,A124,24,A141,A152,1,A173,1,A191,A201
3,24,3,2,4151,A62,A73,2,A93,A101,3,A122,35,A143,A152,2,A173,1,A191,A201
1,9,2,2,2030,A65,A74,2,A93,A101,1,A123,24,A143,A152,1,A173,1,A192,A201
1,60,3,3,7418,A65,A73,1,A93,A101,1,A121,27,A143,A152,1,A172,1,A191,A201
3,24,4,3,2684,A61,A73,4,A93,A101,2,A121,35,A143,A152,2,A172,1,A191,A201
0,12,1,3,2149,A61,A73,4,A91,A101,1,A124,29,A143,A153,1,A173,1,A191,A201
3,15,2,1,3812,A62,A72,1,A92,A101,4,A123,23,A143,A152,1,A173,1,A192,A201
3,11,4,3,1154,A62,A71,4,A92,A101,4,A121,57,A143,A152,3,A172,1,A191,A201
0,12,2,2,1657,A61,A73,2,A93,A101,2,A121,27,A143,A152,1,A173,1,A191,A201
0,24,2,3,1603,A61,A75,4,A92,A101,4,A123,55,A143,A152,1,A173,1,A191,A201
0,18,4,0,5302,A61,A75,2,A93,A101,4,A124,36,A143,A153,3,A174,1,A192,A201
3,12,4,6,2748,A61,A75,2,A92,A101,4,A124,57,A141,A153,3,A172,1,A191,A201
3,10,4,0,1231,A61,A75,3,A93,A101,4,A121,32,A143,A152,2,A172,2,A191,A202
1,15,2,3,802,A61,A75,4,A93,A101,3,A123,37,A143,A152,1,A173,2,A191,A201
3,36,4,9,6304,A65,A75,4,A93,A101,4,A121,36,A143,A152,2,A173,1,A191,A201
3,24,2,3,1533,A61,A72,4,A92,A101,3,A123,38,A142,A152,1,A173,1,A192,A201
0,14,2,0,8978,A61,A75,1,A91,A101,4,A122,45,A143,A152,1,A174,1,A192,A202
3,24,2,3,999,A65,A75,4,A93,A101,2,A123,25,A143,A152,2,A173,1,A191,A201
3,18,2,0,2662,A65,A74,4,A93,A101,3,A122,32,A143,A152,1,A173,1,A191,A202
3,12,4,2,1402,A63,A74,3,A92,A101,4,A123,37,A143,A151,1,A173,1,A192,A201
1,48,1,0,12169,A65,A71,4,A93,A102,4,A124,36,A143,A153,1,A174,1,A192,A201
1,48,2,3,3060,A61,A74,4,A93,A101,4,A121,28,A143,A152,2,A173,1,A191,A201
0,30,2,5,11998,A61,A72,1,A91,A101,1,A124,34,A143,A152,1,A172,1,A192,A201
3,9,2,3,2697,A61,A73,1,A93,A101,2,A121,32,A143,A152,1,A173,2,A191,A201
3,18,4,3,2404,A61,A73,2,A92,A101,2,A123,26,A143,A152,2,A173,1,A191,A201
0,12,2,2,1262,A65,A75,2,A91,A101,4,A122,49,A143,A152,1,A172,1,A192,A201
3,6,2,2,4611,A61,A72,1,A92,A101,4,A122,32,A143,A152,1,A173,1,A191,A201
3,24,2,3,1901,A62,A73,4,A93,A101,4,A123,29,A143,A151,1,A174,1,A192,A201
3,15,4,1,3368,A64,A75,3,A93,A101,4,A124,23,A143,A151,2,A173,1,A192,A201
3,12,2,2,1574,A61,A73,4,A93,A101,2,A121,50,A143,A152,1,A173,1,A191,A201
2,18,1,3,1445,A65,A74,4,A93,A101,4,A123,49,A141,A152,1,A172,1,A191,A201
3,15,4,2,1520,A65,A75,4,A93,A101,4,A122,63,A143,A152,1,A173,1,A191,A201
1,24,4,0,3878,A62,A72,4,A91,A101,2,A123,37,A143,A152,1,A173,1,A192,A201
0,47,2,0,10722,A61,A72,1,A92,A101,1,A121,35,A143,A152,1,A172,1,A192,A201
0,48,2,1,4788,A61,A74,4,A93,A101,3,A122,26,A143,A152,1,A173,2,A191,A201
1,48,3,10,7582,A62,A71,2,A93,A101,4,A124,31,A143,A153,1,A174,1,A192,A201
1,12,2,3,1092,A61,A73,4,A92,A103,4,A121,49,A143,A152,2,A173,1,A192,A201
0,24,3,3,1024,A61,A72,4,A94,A101,4,A121,48,A142,A152,1,A173,1,A191,A201
3,12,2,9,1076,A61,A73,2,A94,A101,2,A121,26,A143,A152,1,A173,1,A192,A202
1,36,2,1,9398,A61,A72,1,A94,A101,4,A123,28,A143,A151,1,A174,1,A192,A201
0,24,4,1,6419,A61,A75,2,A92,A101,4,A124,44,A143,A153,2,A174,2,A192,A201
2,42,4,1,4796,A61,A75,4,A93,A101,4,A124,56,A143,A153,1,A173,1,A191,A201
3,48,4,9,7629,A65,A75,4,A91,A101,2,A123,46,A141,A152,2,A174,2,A191,A201
1,48,2,2,9960,A61,A72,1,A92,A101,2,A123,26,A143,A152,1,A173,1,A192,A201
3,12,2,1,4675,A65,A72,1,A92,A101,4,A123,20,A143,A151,1,A173,1,A191,A201
3,10,2,0,1287,A65,A75,4,A93,A102,2,A122,45,A143,A152,1,A172,1,A191,A202
3,18,2,2,2515,A61,A73,3,A93,A101,4,A121,43,A143,A152,1,A173,1,A192,A201
1,21,4,2,2745,A64,A74,3,A93,A101,2,A123,32,A143,A152,2,A173,1,A192,A201
3,6,2,0,672,A61,A71,1,A92,A101,4,A121,54,A143,A152,1,A171,1,A192,A201
1,36,0,3,3804,A61,A73,4,A92,A101,1,A123,42,A143,A152,1,A173,1,A192,A201
2,24,4,0,1344,A65,A74,4,A93,A101,2,A121,37,A141,A152,2,A172,2,A191,A201
0,10,4,0,1038,A61,A74,4,A93,A102,3,A122,49,A143,A152,2,A173,1,A192,A201
3,48,4,0,10127,A63,A73,2,A93,A101,2,A124,44,A141,A153,1,A173,1,A191,A201
3,6,2,2,1543,A64,A73,4,A91,A101,2,A121,33,A143,A152,1,A173,1,A191,A201
3,30,2,1,4811,A65,A74,2,A92,A101,4,A122,24,A142,A151,1,A172,1,A191,A201
0,12,2,3,727,A62,A72,4,A94,A101,3,A124,33,A143,A152,1,A172,1,A192,A201
1,8,2,2,1237,A61,A73,3,A92,A101,4,A121,24,A143,A152,1,A173,1,A191,A201
1,9,2,0,276,A61,A73,4,A94,A101,4,A121,22,A143,A151,1,A172,1,A191,A201
1,48,2,10,5381,A65,A71,3,A93,A101,4,A124,40,A141,A153,1,A171,1,A192,A201
3,24,2,2,5511,A62,A73,4,A93,A101,1,A123,25,A142,A152,1,A173,1,A191,A201
2,24,2,2,3749,A61,A72,2,A92,A101,4,A123,26,A143,A152,1,A173,1,A191,A201
1,12,2,0,685,A61,A74,2,A94,A101,3,A123,25,A141,A152,1,A172,1,A191,A201
2,4,2,0,1494,A65,A72,1,A93,A101,2,A121,29,A143,A152,1,A172,2,A191,A202
0,36,1,2,2746,A61,A75,4,A93,A101,4,A123,31,A141,A152,1,A173,1,A191,A201
0,12,2,2,708,A61,A73,2,A93,A103,3,A122,38,A143,A152,1,A172,2,A191,A201
1,24,2,2,4351,A65,A73,1,A92,A101,4,A122,48,A143,A152,1,A172,1,A192,A201
3,12,4,6,701,A61,A73,4,A93,A101,2,A123,32,A143,A152,2,A173,1,A191,A201
0,15,3,2,3643,A61,A75,1,A92,A101,4,A122,27,A143,A152,2,A172,1,A191,A201
1,30,4,0,4249,A61,A71,4,A94,A101,2,A123,28,A143,A152,2,A174,1,A191,A201
0,24,2,3,1938,A61,A72,4,A91,A101,3,A122,32,A143,A152,1,A173,1,A191,A201
0,24,2,1,2910,A61,A74,2,A93,A101,1,A124,34,A143,A153,1,A174,1,A192,A201
0,18,2,2,2659,A64,A73,4,A93,A101,2,A123,28,A143,A152,1,A173,1,A191,A201
3,18,4,0,1028,A61,A73,4,A92,A101,3,A121,36,A143,A152,2,A173,1,A191,A201
0,8,4,0,3398,A61,A74,1,A93,A101,4,A121,39,A143,A152,2,A172,1,A191,A202
3,12,4,2,5801,A65,A75,2,A93,A101,4,A122,49,A143,A151,1,A173,1,A192,A201
3,24,2,0,1525,A64,A74,4,A92,A101,3,A123,34,A143,A152,1,A173,2,A192,A201
2,36,2,3,4473,A61,A75,4,A93,A101,2,A123,31,A143,A152,1,A173,1,A191,A201
1,6,2,3,1068,A61,A75,4,A93,A101,4,A123,28,A143,A152,1,A173,2,A191,A201
0,24,4,1,6615,A61,A71,2,A93,A101,4,A124,75,A143,A153,2,A174,1,A192,A201
3,18,4,6,1864,A62,A73,4,A92,A101,2,A121,30,A143,A152,2,A173,1,A191,A201
1,60,2,0,7408,A62,A72,4,A92,A101,2,A122,24,A143,A152,1,A174,1,A191,A201
3,48,4,1,11590,A62,A73,2,A92,A101,4,A123,24,A141,A151,2,A172,1,A191,A201
0,24,0,2,4110,A61,A75,3,A93,A101,4,A124,23,A141,A151,2,A173,2,A191,A201
0,6,4,2,3384,A61,A73,1,A91,A101,4,A121,44,A143,A151,1,A174,1,A192,A201
1,13,2,3,2101,A61,A72,2,A92,A103,4,A122,23,A143,A152,1,A172,1,A191,A201
0,15,2,4,1275,A65,A73,4,A92,A101,2,A123,24,A143,A151,1,A173,1,A191,A201
0,24,2,2,4169,A61,A73,4,A93,A101,4,A122,28,A143,A152,1,A173,1,A191,A201
1,10,2,2,1521,A61,A73,4,A91,A101,2,A123,31,A143,A152,1,A172,1,A191,A201
1,24,4,6,5743,A61,A72,2,A92,A101,4,A124,24,A143,A153,2,A173,1,A192,A201
0,21,2,2,3599,A61,A74,1,A92,A101,4,A123,26,A143,A151,1,A172,1,A191,A201
1,18,2,3,3213,A63,A72,1,A94,A101,3,A121,25,A143,A151,1,A173,1,A191,A201
1,18,2,9,4439,A61,A75,1,A93,A102,1,A121,33,A141,A152,1,A174,1,A192,A201
2,10,2,0,3949,A61,A72,1,A93,A103,1,A122,37,A143,A152,1,A172,2,A191,A201
3,15,4,3,1459,A61,A73,4,A92,A101,2,A123,43,A143,A152,1,A172,1,A191,A201
1,13,4,3,882,A61,A72,4,A93,A103,4,A121,23,A143,A152,2,A173,1,A191,A201
1,24,2,3,3758,A63,A71,1,A92,A101,4,A124,23,A143,A151,1,A171,1,A191,A201
3,6,3,9,1743,A62,A73,1,A93,A101,2,A121,34,A143,A152,2,A172,1,A191,A201
1,9,4,6,1136,A64,A75,4,A93,A101,3,A124,32,A143,A153,2,A173,2,A191,A201
3,9,2,4,1236,A61,A72,1,A92,A101,4,A121,23,A143,A151,1,A173,1,A192,A201
1,9,2,2,959,A61,A73,1,A92,A101,2,A123,29,A143,A152,1,A173,1,A191,A202
3,18,4,1,3229,A65,A71,2,A93,A101,4,A124,38,A143,A152,1,A174,1,A192,A201
0,12,0,3,6199,A61,A73,4,A93,A101,2,A122,28,A143,A151,2,A173,1,A192,A201
3,10,2,6,727,A63,A75,4,A93,A101,4,A124,46,A143,A153,1,A173,1,A192,A201
1,24,2,0,1246,A61,A72,4,A93,A101,2,A121,23,A142,A152,1,A172,1,A191,A201
3,12,4,3,2331,A65,A75,1,A93,A102,4,A121,49,A143,A152,1,A173,1,A192,A201
3,36,3,3,4463,A61,A73,4,A93,A101,2,A123,26,A143,A152,2,A174,1,A192,A201
3,12,2,3,776,A61,A73,4,A94,A101,2,A121,28,A143,A152,1,A173,1,A191,A201
0,30,2,2,2406,A61,A74,4,A92,A101,4,A121,23,A143,A151,1,A173,1,A191,A201
1,18,2,6,1239,A65,A73,4,A93,A101,4,A124,61,A143,A153,1,A173,1,A191,A201
2,12,2,3,3399,A65,A75,2,A93,A101,3,A123,37,A143,A152,1,A174,1,A191,A201
2,12,3,0,2247,A61,A73,2,A92,A101,2,A123,36,A142,A152,2,A173,1,A192,A201
3,6,2,2,1766,A61,A73,1,A94,A101,2,A122,21,A143,A151,1,A173,1,A191,A201
0,18,2,2,2473,A61,A71,4,A93,A101,1,A123,25,A143,A152,1,A171,1,A191,A201
3,12,2,9,1542,A61,A74,2,A93,A101,4,A123,36,A143,A152,1,A173,1,A192,A201
3,18,4,1,3850,A61,A74,3,A93,A101,1,A123,27,A143,A152,2,A173,1,A191,A201
0,18,2,2,3650,A61,A72,1,A92,A101,4,A123,22,A143,A151,1,A173,1,A191,A201
0,36,2,2,3446,A61,A75,4,A93,A101,2,A123,42,A143,A152,1,A173,2,A191,A201
1,18,2,2,3001,A61,A74,2,A92,A101,4,A121,40,A143,A151,1,A173,1,A191,A201
3,36,2,0,3079,A65,A73,4,A93,A101,4,A121,36,A143,A152,1,A173,1,A191,A201
3,18,4,3,6070,A61,A75,3,A93,A101,4,A123,33,A143,A152,2,A173,1,A192,A201
3,10,4,2,2146,A61,A72,1,A92,A101,3,A121,23,A143,A151,2,A173,1,A191,A201
3,60,4,0,13756,A65,A75,2,A93,A101,4,A124,63,A141,A153,1,A174,1,A192,A201
1,60,1,10,14782,A62,A75,3,A92,A101,4,A124,60,A141,A153,2,A174,1,A192,A201
0,48,1,9,7685,A61,A74,2,A92,A103,4,A123,37,A143,A151,1,A173,1,A191,A201
3,18,3,3,2320,A61,A71,2,A94,A101,3,A121,34,A143,A152,2,A173,1,A191,A201
3,7,3,3,846,A65,A75,3,A93,A101,4,A124,36,A143,A153,1,A173,1,A191,A201
1,36,2,0,14318,A61,A75,4,A93,A101,2,A124,57,A143,A153,1,A174,1,A192,A201
3,6,4,0,362,A62,A73,4,A92,A101,4,A123,52,A143,A152,2,A172,1,A191,A201
0,20,2,2,2212,A65,A74,4,A93,A101,4,A123,39,A143,A152,1,A173,1,A192,A201
1,18,2,1,12976,A61,A71,3,A92,A101,4,A124,38,A143,A153,1,A174,1,A192,A201
3,22,2,0,1283,A65,A74,4,A92,A101,4,A122,25,A143,A151,1,A173,1,A191,A201
2,12,2,0,1330,A61,A72,4,A93,A101,1,A121,26,A143,A152,1,A173,1,A191,A201
3,30,3,9,4272,A62,A73,2,A93,A101,2,A122,26,A143,A152,2,A172,1,A191,A201
3,18,4,3,2238,A61,A73,2,A92,A101,1,A123,25,A143,A152,2,A173,1,A191,A201
3,18,2,3,1126,A65,A72,4,A92,A101,2,A121,21,A143,A151,1,A173,1,A192,A201
1,18,4,2,7374,A61,A71,4,A93,A101,4,A122,40,A142,A152,2,A174,1,A192,A201
1,15,4,9,2326,A63,A73,2,A93,A101,4,A123,27,A141,A152,1,A173,1,A191,A201
3,9,2,9,1449,A61,A74,3,A92,A101,2,A123,27,A143,A152,2,A173,1,A191,A201
3,18,2,0,1820,A61,A73,2,A94,A101,2,A122,30,A143,A152,1,A174,1,A192,A201
1,12,2,2,983,A64,A72,1,A92,A101,4,A121,19,A143,A151,1,A172,1,A191,A201
0,36,2,0,3249,A61,A74,2,A93,A101,4,A124,39,A141,A153,1,A174,2,A192,A201
0,6,4,3,1957,A61,A74,1,A92,A101,4,A123,31,A143,A152,1,A173,1,A191,A201
3,9,4,2,2406,A61,A71,2,A93,A101,3,A123,31,A143,A152,1,A174,1,A191,A201
1,39,3,6,11760,A62,A74,2,A93,A101,3,A124,32,A143,A151,1,A173,1,A192,A201
0,12,2,2,2578,A61,A71,3,A92,A101,4,A124,55,A143,A153,1,A174,1,A191,A201
0,36,4,2,2348,A61,A73,3,A94,A101,2,A122,46,A143,A152,2,A173,1,A192,A201
1,12,2,0,1223,A61,A75,1,A91,A101,1,A121,46,A143,A151,2,A173,1,A191,A201
3,24,4,3,1516,A64,A73,4,A92,A101,1,A121,43,A143,A152,2,A172,1,A191,A201
3,18,2,3,1473,A61,A72,3,A94,A101,4,A121,39,A143,A152,1,A173,1,A192,A201
1,18,4,9,1887,A65,A73,4,A94,A101,4,A121,28,A141,A152,2,A173,1,A191,A201
3,24,3,9,8648,A61,A72,2,A93,A101,2,A123,27,A141,A152,2,A173,1,A192,A201
3,14,3,0,802,A61,A73,4,A93,A101,2,A123,27,A143,A152,2,A172,1,A191,A201
1,18,3,0,2899,A65,A75,4,A93,A101,4,A123,43,A143,A152,1,A173,2,A191,A201
1,24,2,3,2039,A61,A72,1,A94,A101,1,A122,22,A143,A152,1,A173,1,A192,A201
3,24,4,1,2197,A65,A74,4,A93,A101,4,A123,43,A143,A152,2,A173,2,A192,A201
0,15,2,3,1053,A61,A72,4,A94,A101,2,A121,27,A143,A152,1,A173,1,A191,A202
3,24,2,3,3235,A63,A75,3,A91,A101,2,A123,26,A143,A152,1,A174,1,A192,A201
2,12,4,0,939,A63,A74,4,A94,A101,2,A121,28,A143,A152,3,A173,1,A192,A201
1,24,2,3,1967,A61,A75,4,A92,A101,4,A123,20,A143,A152,1,A173,1,A192,A201
3,33,4,1,7253,A61,A74,3,A93,A101,2,A123,35,A143,A152,2,A174,1,A192,A201
3,12,4,9,2292,A61,A71,4,A93,A101,2,A123,42,A142,A152,2,A174,1,A192,A201
3,10,2,0,1597,A63,A73,3,A93,A101,2,A124,40,A143,A151,1,A172,2,A191,A202
0,24,2,0,1381,A65,A73,4,A92,A101,2,A122,35,A143,A152,1,A173,1,A191,A201
3,36,4,1,5842,A61,A75,2,A93,A101,2,A122,35,A143,A152,2,A173,2,A192,A201
0,12,2,0,2579,A61,A72,4,A93,A101,1,A121,33,A143,A152,1,A172,2,A191,A201
0,18,3,6,8471,A65,A73,1,A92,A101,2,A123,23,A143,A151,2,A173,1,A192,A201
3,21,2,0,2782,A63,A74,1,A92,A101,2,A123,31,A141,A152,1,A174,1,A191,A201
1,18,2,0,1042,A65,A73,4,A92,A101,2,A122,33,A143,A152,1,A173,1,A191,A201
3,15,2,0,3186,A64,A74,2,A92,A101,3,A123,20,A143,A151,1,A173,1,A191,A201
1,12,2,1,2028,A65,A73,4,A93,A101,2,A123,30,A143,A152,1,A173,1,A191,A201
1,12,4,0,958,A61,A74,2,A93,A101,3,A121,47,A143,A152,2,A172,2,A191,A201
3,21,3,2,1591,A62,A74,4,A93,A101,3,A121,34,A143,A152,2,A174,1,A191,A201
1,12,2,2,2762,A65,A75,1,A92,A101,2,A122,25,A141,A152,1,A173,1,A192,A201
1,18,2,1,2779,A61,A73,1,A94,A101,3,A123,21,A143,A151,1,A173,1,A192,A201
3,28,4,3,2743,A61,A75,4,A93,A101,2,A123,29,A143,A152,2,A173,1,A191,A201
3,18,4,3,1149,A64,A73,4,A93,A101,3,A121,46,A143,A152,2,A173,1,A191,A201
3,9,2,2,1313,A61,A75,1,A93,A101,4,A123,20,A143,A152,1,A173,1,A191,A201
0,18,4,5,1190,A61,A71,2,A92,A101,4,A124,55,A143,A153,3,A171,2,A191,A201
3,5,2,9,3448,A61,A74,1,A93,A101,4,A121,74,A143,A152,1,A172,1,A191,A201
1,24,2,10,11328,A61,A73,2,A93,A102,3,A123,29,A141,A152,2,A174,1,A192,A201
0,6,4,2,1872,A61,A71,4,A93,A101,4,A124,36,A143,A153,3,A174,1,A192,A201
3,24,4,5,2058,A61,A73,4,A91,A101,2,A121,33,A143,A152,2,A173,1,A192,A201
0,9,2,2,2136,A61,A73,3,A93,A101,2,A121,25,A143,A152,1,A173,1,A191,A201
1,12,2,3,1484,A65,A73,2,A94,A101,1,A121,25,A143,A152,1,A173,1,A192,A201
3,6,2,5,660,A63,A74,2,A94,A101,4,A121,23,A143,A151,1,A172,1,A191,A201
3,24,4,0,1287,A64,A75,4,A92,A101,4,A121,37,A143,A152,2,A173,1,A192,A201
0,42,4,5,3394,A61,A71,4,A93,A102,4,A123,65,A143,A152,2,A171,1,A191,A201
2,12,1,9,609,A61,A72,4,A92,A101,1,A121,26,A143,A152,1,A171,1,A191,A201
3,12,2,0,1884,A61,A75,4,A93,A101,4,A123,39,A143,A152,1,A174,1,A192,A201
0,12,2,2,1620,A61,A73,2,A92,A102,3,A122,30,A143,A152,1,A173,1,A191,A201
1,20,3,10,2629,A61,A73,2,A93,A101,3,A123,29,A141,A152,2,A173,1,A192,A201
3,12,2,6,719,A61,A75,4,A93,A101,4,A123,41,A141,A152,1,A172,2,A191,A201
1,48,4,2,5096,A61,A73,2,A92,A101,3,A123,30,A143,A152,1,A174,1,A192,A201
3,9,4,6,1244,A65,A75,4,A92,A101,4,A122,41,A143,A151,2,A172,1,A191,A201
0,36,2,0,1842,A61,A72,4,A92,A101,4,A123,34,A143,A152,1,A173,1,A192,A201
1,7,2,3,2576,A61,A73,2,A93,A103,2,A121,35,A143,A152,1,A173,1,A191,A201
2,12,2,2,1424,A65,A75,3,A92,A101,4,A121,55,A143,A152,1,A174,1,A192,A201
1,15,3,5,1512,A64,A73,3,A94,A101,3,A122,61,A142,A152,2,A173,1,A191,A201
3,36,4,1,11054,A65,A73,4,A93,A101,2,A123,30,A143,A152,1,A174,1,A192,A201
3,6,2,3,518,A61,A73,3,A92,A101,1,A121,29,A143,A152,1,A173,1,A191,A201
3,12,0,2,2759,A61,A75,2,A93,A101,4,A122,34,A143,A152,2,A173,1,A191,A201
3,24,2,1,2670,A61,A75,4,A93,A101,4,A123,35,A143,A152,1,A174,1,A192,A201
0,24,2,0,4817,A61,A74,2,A93,A102,3,A122,31,A143,A152,1,A173,1,A192,A201
3,24,2,1,2679,A61,A72,4,A92,A101,1,A124,29,A143,A152,1,A174,1,A192,A201
0,11,4,0,3905,A61,A73,2,A93,A101,2,A121,36,A143,A151,2,A173,2,A191,A201
0,12,2,1,3386,A61,A75,3,A93,A101,4,A124,35,A143,A153,1,A173,1,A192,A201
0,6,2,4,343,A61,A72,4,A92,A101,1,A121,27,A143,A152,1,A173,1,A191,A201
3,18,2,3,4594,A61,A72,3,A93,A101,2,A123,32,A143,A152,1,A173,1,A192,A201
0,36,2,2,3620,A61,A73,1,A93,A103,2,A122,37,A143,A152,1,A173,2,A191,A201
0,15,2,0,1721,A61,A72,2,A93,A101,3,A121,36,A143,A152,1,A173,1,A191,A201
1,12,2,2,3017,A61,A72,3,A92,A101,1,A121,34,A143,A151,1,A174,1,A191,A201
1,12,2,8,754,A65,A75,4,A93,A101,4,A122,38,A143,A152,2,A173,1,A191,A201
3,18,2,9,1950,A61,A74,4,A93,A101,1,A123,34,A142,A152,2,A173,1,A192,A201
0,24,2,1,2924,A61,A73,3,A93,A103,4,A124,63,A141,A152,1,A173,2,A192,A201
0,24,3,3,1659,A61,A72,4,A92,A101,2,A123,29,A143,A151,1,A172,1,A192,A201
3,48,3,3,7238,A65,A75,3,A93,A101,3,A123,32,A141,A152,2,A173,2,A191,A201
3,33,3,9,2764,A61,A73,2,A92,A101,2,A123,26,A143,A152,2,A173,1,A192,A201
3,24,3,1,4679,A61,A74,3,A93,A101,3,A123,35,A143,A152,2,A172,1,A192,A201
1,24,2,3,3092,A62,A72,3,A94,A101,2,A123,22,A143,A151,1,A173,1,A192,A201
0,6,2,6,448,A61,A72,4,A92,A101,4,A122,23,A143,A152,1,A173,1,A191,A201
0,9,2,0,654,A61,A73,4,A93,A101,3,A123,28,A143,A152,1,A172,1,A191,A201
3,6,2,8,1238,A65,A71,4,A93,A101,4,A122,36,A143,A152,1,A174,2,A192,A201
1,18,4,3,1245,A61,A73,4,A94,A101,2,A123,33,A143,A152,1,A173,1,A191,A201
0,18,0,2,3114,A61,A72,1,A92,A101,4,A122,26,A143,A151,1,A173,1,A191,A201
3,39,2,1,2569,A63,A73,4,A93,A101,4,A123,24,A143,A152,1,A173,1,A191,A201
2,24,2,3,5152,A61,A74,4,A93,A101,2,A123,25,A141,A152,1,A173,1,A191,A201
1,12,2,9,1037,A62,A74,3,A93,A101,4,A121,39,A143,A152,1,A172,1,A191,A201
0,15,4,2,1478,A61,A75,4,A93,A101,4,A123,44,A143,A152,2,A173,2,A192,A201
1,12,4,3,3573,A61,A73,1,A92,A101,1,A121,23,A143,A152,1,A172,1,A191,A201
1,24,2,0,1201,A61,A72,4,A93,A101,1,A122,26,A143,A152,1,A173,1,A191,A201
0,30,2,2,3622,A64,A75,4,A92,A101,4,A122,57,A143,A151,2,A173,1,A192,A201
3,15,3,2,960,A64,A74,3,A92,A101,2,A122,30,A143,A152,2,A173,1,A191,A201
3,12,4,0,1163,A63,A73,4,A93,A101,4,A121,44,A143,A152,1,A173,1,A192,A201
1,6,3,0,1209,A61,A71,4,A93,A101,4,A122,47,A143,A152,1,A174,1,A192,A201
3,12,2,3,3077,A61,A73,2,A93,A101,4,A123,52,A143,A152,1,A173,1,A192,A201
3,24,2,0,3757,A61,A75,4,A92,A102,4,A124,62,A143,A153,1,A173,1,A192,A201
3,10,2,0,1418,A62,A73,3,A93,A101,2,A121,35,A143,A151,1,A172,1,A191,A202
3,6,2,0,3518,A61,A73,2,A93,A103,3,A122,26,A143,A151,1,A173,1,A191,A201
3,12,4,3,1934,A61,A75,2,A93,A101,2,A124,26,A143,A152,2,A173,1,A191,A201
1,27,0,9,8318,A61,A75,2,A92,A101,4,A124,42,A143,A153,2,A174,1,A192,A201
3,6,4,3,1237,A62,A73,1,A92,A101,1,A122,27,A143,A152,2,A173,1,A191,A201
1,6,2,3,368,A65,A75,4,A93,A101,4,A122,38,A143,A152,1,A173,1,A191,A201
0,12,4,0,2122,A61,A73,3,A93,A101,2,A121,39,A143,A151,2,A172,2,A191,A202
0,24,2,2,2996,A65,A73,2,A94,A101,4,A123,20,A143,A152,1,A173,1,A191,A201
1,36,2,2,9034,A62,A72,4,A93,A102,1,A124,29,A143,A151,1,A174,1,A192,A201
3,24,4,2,1585,A61,A74,4,A93,A101,3,A122,40,A143,A152,2,A173,1,A191,A201
1,18,2,3,1301,A61,A75,4,A94,A103,2,A121,32,A143,A152,1,A172,1,A191,A201
2,6,4,0,1323,A62,A75,2,A91,A101,4,A123,28,A143,A152,2,A173,2,A192,A201
0,24,2,0,3123,A61,A72,4,A92,A101,1,A122,27,A143,A152,1,A173,1,A191,A201
0,36,2,1,5493,A61,A75,2,A93,A101,4,A124,42,A143,A153,1,A173,2,A191,A201
2,9,2,3,1126,A62,A75,2,A91,A101,4,A121,49,A143,A152,1,A173,1,A191,A201
1,24,4,3,1216,A62,A72,4,A93,A101,4,A124,38,A141,A152,2,A173,2,A191,A201
0,24,2,0,1207,A61,A72,4,A92,A101,4,A122,24,A143,A151,1,A173,1,A191,A201
3,10,2,0,1309,A65,A73,4,A93,A103,4,A122,27,A143,A152,1,A172,1,A191,A201
2,15,4,1,2360,A63,A73,2,A93,A101,2,A123,36,A143,A152,1,A173,1,A192,A201
1,15,1,0,6850,A62,A71,1,A93,A101,2,A122,34,A143,A152,1,A174,2,A192,A201
3,24,2,3,1413,A61,A73,4,A94,A101,2,A122,28,A143,A152,1,A173,1,A191,A201
3,39,2,1,8588,A62,A75,4,A93,A101,2,A123,45,A143,A152,1,A174,1,A192,A201
0,12,2,0,759,A61,A74,4,A93,A101,2,A121,26,A143,A152,1,A173,1,A191,A201
3,36,2,1,4686,A61,A73,2,A93,A101,2,A124,32,A143,A153,1,A174,1,A192,A201
2,15,2,9,2687,A61,A74,2,A93,A101,4,A122,26,A143,A151,1,A173,1,A192,A201
1,12,3,3,585,A61,A73,4,A94,A102,4,A121,20,A143,A151,2,A173,1,A191,A201
3,24,2,0,2255,A65,A72,4,A93,A101,1,A122,54,A143,A152,1,A173,1,A191,A201
0,6,4,0,609,A61,A74,4,A92,A101,3,A122,37,A143,A152,2,A173,1,A191,A202
0,6,4,0,1361,A61,A72,2,A93,A101,4,A121,40,A143,A152,1,A172,2,A191,A202
3,36,4,2,7127,A61,A72,2,A92,A101,4,A122,23,A143,A151,2,A173,1,A192,A201
0,6,2,0,1203,A62,A75,3,A93,A101,2,A122,43,A143,A152,1,A173,1,A192,A201
3,6,4,3,700,A65,A75,4,A93,A101,4,A124,36,A143,A153,2,A173,1,A191,A201
3,24,4,5,5507,A61,A75,3,A93,A101,4,A124,44,A143,A153,2,A173,1,A191,A201
0,18,2,3,3190,A61,A73,2,A92,A101,2,A121,24,A143,A152,1,A173,1,A191,A201
0,48,0,2,7119,A61,A73,3,A93,A101,4,A124,53,A143,A153,2,A173,2,A191,A201
3,24,2,1,3488,A62,A74,3,A92,A101,4,A123,23,A143,A152,1,A173,1,A191,A201
1,18,2,3,1113,A61,A73,4,A92,A103,4,A121,26,A143,A152,1,A172,2,A191,A201
1,26,2,1,7966,A61,A72,2,A93,A101,3,A123,30,A143,A152,2,A173,1,A191,A201
3,15,4,6,1532,A62,A73,4,A92,A101,3,A123,31,A143,A152,1,A173,1,A191,A201
3,4,4,3,1503,A61,A74,2,A93,A101,1,A121,42,A143,A152,2,A172,2,A191,A201
0,36,2,3,2302,A61,A73,4,A91,A101,4,A123,31,A143,A151,1,A173,1,A191,A201
0,6,2,0,662,A61,A72,3,A93,A101,4,A121,41,A143,A152,1,A172,2,A192,A201
1,36,2,6,2273,A61,A74,3,A93,A101,1,A123,32,A143,A152,2,A173,2,A191,A201
1,15,2,0,2631,A62,A73,2,A92,A101,4,A123,28,A143,A151,2,A173,1,A192,A201
3,12,3,1,1503,A61,A73,4,A94,A101,4,A121,41,A143,A151,1,A173,1,A191,A201
3,24,2,3,1311,A62,A74,4,A94,A101,3,A122,26,A143,A152,1,A173,1,A192,A201
3,24,2,3,3105,A65,A72,4,A93,A101,2,A123,25,A143,A152,2,A173,1,A191,A201
2,21,4,6,2319,A61,A72,2,A91,A101,1,A123,33,A143,A151,1,A173,1,A191,A201
0,6,2,0,1374,A65,A71,4,A92,A101,3,A122,75,A143,A152,1,A174,1,A192,A201
1,18,4,2,3612,A61,A75,3,A92,A101,4,A122,37,A143,A152,1,A173,1,A192,A201
0,48,2,0,7763,A61,A75,4,A93,A101,4,A124,42,A141,A153,1,A174,1,A191,A201
2,18,2,2,3049,A61,A72,1,A92,A101,1,A122,45,A142,A152,1,A172,1,A191,A201
1,12,2,3,1534,A61,A72,1,A94,A101,1,A121,23,A143,A151,1,A173,1,A191,A201
3,24,3,0,2032,A61,A75,4,A93,A101,4,A124,60,A143,A153,2,A173,1,A192,A201
0,30,2,2,6350,A65,A75,4,A93,A101,4,A122,31,A143,A152,1,A173,1,A191,A201
2,18,2,2,2864,A61,A73,2,A93,A101,1,A121,34,A143,A152,1,A172,2,A191,A201
3,12,4,0,1255,A61,A75,4,A93,A101,4,A121,61,A143,A152,2,A172,1,A191,A201
0,24,3,0,1333,A61,A71,4,A93,A101,2,A121,43,A143,A153,2,A173,2,A191,A201
3,24,4,0,2022,A61,A73,4,A92,A101,4,A123,37,A143,A152,1,A173,1,A192,A201
3,24,2,3,1552,A61,A74,3,A93,A101,1,A123,32,A141,A152,1,A173,2,A191,A201
0,12,1,3,626,A61,A73,4,A92,A101,4,A121,24,A141,A152,1,A172,1,A191,A201
3,48,4,1,8858,A65,A74,2,A93,A101,1,A124,35,A143,A153,2,A173,1,A192,A201
3,12,4,5,996,A65,A74,4,A92,A101,4,A121,23,A143,A152,2,A173,1,A191,A201
3,6,1,3,1750,A63,A75,2,A93,A101,4,A122,45,A141,A152,1,A172,2,A191,A201
0,48,2,3,6999,A61,A74,1,A94,A103,1,A121,34,A143,A152,2,A173,1,A192,A201
1,12,4,0,1995,A62,A72,4,A93,A101,1,A123,27,A143,A152,1,A173,1,A191,A201
1,9,2,6,1199,A61,A74,4,A92,A101,4,A122,67,A143,A152,2,A174,1,A192,A201
1,12,2,3,1331,A61,A72,2,A93,A101,1,A123,22,A142,A152,1,A173,1,A191,A201
1,18,0,0,2278,A62,A72,3,A92,A101,3,A123,28,A143,A152,2,A173,1,A191,A201
3,21,0,0,5003,A65,A73,1,A92,A101,4,A122,29,A141,A152,2,A173,1,A192,A201
0,24,1,2,3552,A61,A74,3,A93,A101,4,A123,27,A141,A152,1,A173,1,A191,A201
1,18,4,2,1928,A61,A72,2,A93,A101,2,A121,31,A143,A152,2,A172,1,A191,A201
0,24,2,1,2964,A65,A75,4,A93,A101,4,A124,49,A141,A153,1,A173,2,A192,A201
0,24,1,3,1546,A61,A74,4,A93,A103,4,A123,24,A141,A151,1,A172,1,A191,A201
2,6,3,3,683,A61,A72,2,A92,A101,1,A122,29,A141,A152,1,A173,1,A191,A201
1,36,2,0,12389,A65,A73,1,A93,A101,4,A124,37,A143,A153,1,A173,1,A192,A201
1,24,3,9,4712,A65,A73,4,A93,A101,2,A122,37,A141,A152,2,A174,1,A192,A201
1,24,3,3,1553,A62,A74,3,A92,A101,2,A122,23,A143,A151,2,A173,1,A192,A201
0,12,2,0,1372,A61,A74,2,A91,A101,3,A123,36,A143,A152,1,A173,1,A191,A201
3,24,4,3,2578,A64,A75,2,A93,A101,2,A123,34,A143,A152,1,A173,1,A191,A201
1,48,2,3,3979,A65,A74,4,A93,A101,1,A123,41,A143,A152,2,A173,2,A192,A201
0,48,2,3,6758,A61,A73,3,A92,A101,2,A123,31,A143,A152,1,A173,1,A192,A201
0,24,2,2,3234,A61,A72,4,A92,A101,4,A121,23,A143,A151,1,A172,1,A192,A201
3,30,4,3,5954,A61,A74,3,A93,A102,2,A123,38,A143,A152,1,A173,1,A191,A201
3,24,2,1,5433,A65,A71,2,A92,A101,4,A122,26,A143,A151,1,A174,1,A192,A201
0,15,2,9,806,A61,A73,4,A92,A101,4,A122,22,A143,A152,1,A172,1,A191,A201
1,9,2,3,1082,A61,A75,4,A93,A101,4,A123,27,A143,A152,2,A172,1,A191,A201
3,15,4,2,2788,A61,A74,2,A92,A102,3,A123,24,A141,A152,2,A173,1,A191,A201
1,12,2,3,2930,A61,A74,2,A92,A101,1,A121,27,A143,A152,1,A173,1,A191,A201
3,24,4,6,1927,A65,A73,3,A92,A101,2,A123,33,A143,A152,2,A173,1,A192,A201
1,36,4,0,2820,A61,A72,4,A91,A101,4,A123,27,A143,A152,2,A173,1,A191,A201
3,24,2,8,937,A61,A72,4,A94,A101,3,A123,27,A143,A152,2,A172,1,A191,A201
1,18,4,0,1056,A61,A75,3,A93,A103,3,A121,30,A141,A152,2,A173,1,A191,A201
1,12,4,0,3124,A61,A72,1,A93,A101,3,A121,49,A141,A152,2,A172,2,A191,A201
3,9,2,2,1388,A61,A73,4,A92,A101,2,A121,26,A143,A151,1,A173,1,A191,A201
1,36,2,5,2384,A61,A72,4,A93,A101,1,A124,33,A143,A151,1,A172,1,A191,A201
3,12,2,0,2133,A65,A75,4,A92,A101,4,A124,52,A143,A153,1,A174,1,A192,A201
0,18,2,2,2039,A61,A73,1,A92,A101,4,A121,20,A141,A151,1,A173,1,A191,A201
0,9,4,0,2799,A61,A73,2,A93,A101,2,A121,36,A143,A151,2,A173,2,A191,A201
0,12,2,2,1289,A61,A73,4,A93,A103,1,A122,21,A143,A152,1,A172,1,A191,A201
0,18,2,4,1217,A61,A73,4,A94,A101,3,A121,47,A143,A152,1,A172,1,A192,A201
0,12,4,2,2246,A61,A75,3,A93,A101,3,A122,60,A143,A152,2,A173,1,A191,A201
0,12,4,3,385,A61,A74,4,A92,A101,3,A121,58,A143,A152,4,A172,1,A192,A201
1,24,3,0,1965,A65,A73,4,A92,A101,4,A123,42,A143,A151,2,A173,1,A192,A201
3,21,2,9,1572,A64,A75,4,A92,A101,4,A121,36,A141,A152,1,A172,1,A191,A201
1,24,2,0,2718,A61,A73,3,A92,A101,4,A122,20,A143,A151,1,A172,1,A192,A201
0,24,1,10,1358,A65,A75,4,A93,A101,3,A123,40,A142,A152,1,A174,1,A192,A201
1,6,1,0,931,A62,A72,1,A92,A101,1,A122,32,A142,A152,1,A172,1,A191,A201
0,24,2,0,1442,A61,A74,4,A92,A101,4,A123,23,A143,A151,2,A173,1,A191,A201
1,24,0,9,4241,A61,A73,1,A93,A101,4,A121,36,A143,A152,3,A172,1,A192,A201
3,18,4,0,2775,A61,A74,2,A93,A101,2,A122,31,A141,A152,2,A173,1,A191,A201
3,24,3,9,3863,A61,A73,1,A93,A101,2,A124,32,A143,A153,1,A173,1,A191,A201
1,7,2,3,2329,A61,A72,1,A92,A103,1,A121,45,A143,A152,1,A173,1,A191,A201
1,9,2,2,918,A61,A73,4,A92,A101,1,A122,30,A143,A152,1,A173,1,A191,A201
1,24,1,6,1837,A61,A74,4,A92,A101,4,A124,34,A141,A153,1,A172,1,A191,A201
3,36,2,2,3349,A61,A73,4,A92,A101,2,A123,28,A143,A152,1,A174,1,A192,A201
2,10,2,2,1275,A61,A72,4,A92,A101,2,A122,23,A143,A152,1,A173,1,A191,A201
0,24,1,2,2828,A63,A73,4,A93,A101,4,A121,22,A142,A152,1,A173,1,A192,A201
3,24,4,9,4526,A61,A73,3,A93,A101,2,A121,74,A143,A152,1,A174,1,A192,A201
1,36,2,3,2671,A62,A73,4,A92,A102,4,A124,50,A143,A153,1,A173,1,A191,A201
3,18,2,3,2051,A61,A72,4,A93,A101,1,A121,33,A143,A152,1,A173,1,A191,A201
3,15,2,1,1300,A65,A75,4,A93,A101,4,A124,45,A141,A153,1,A173,2,A191,A201
0,12,2,4,741,A62,A71,4,A92,A101,3,A122,22,A143,A152,1,A173,1,A191,A201
2,10,2,0,1240,A62,A75,1,A92,A101,4,A124,48,A143,A153,1,A172,2,A191,A201
0,21,2,3,3357,A64,A72,4,A92,A101,2,A123,29,A141,A152,1,A173,1,A191,A201
0,24,1,1,3632,A61,A73,1,A92,A103,4,A123,22,A141,A151,1,A173,1,A191,A202
3,18,3,2,1808,A61,A74,4,A92,A101,1,A121,22,A143,A152,1,A173,1,A191,A201
1,48,0,9,12204,A65,A73,2,A93,A101,2,A123,48,A141,A152,1,A174,1,A192,A201
1,60,3,3,9157,A65,A73,2,A93,A101,2,A124,27,A143,A153,1,A174,1,A191,A201
0,6,4,0,3676,A61,A73,1,A93,A101,3,A121,37,A143,A151,3,A173,2,A191,A201
1,30,2,2,3441,A62,A73,2,A92,A102,4,A123,21,A143,A151,1,A173,1,A191,A201
3,12,2,0,640,A61,A73,4,A91,A101,2,A121,49,A143,A152,1,A172,1,A191,A201
1,21,4,9,3652,A61,A74,2,A93,A101,3,A122,27,A143,A152,2,A173,1,A191,A201
3,18,4,0,1530,A61,A73,3,A93,A101,2,A122,32,A141,A152,2,A173,1,A191,A201
3,48,2,9,3914,A65,A73,4,A91,A101,2,A121,38,A141,A152,1,A173,1,A191,A201
0,12,2,2,1858,A61,A72,4,A92,A101,1,A123,22,A143,A151,1,A173,1,A191,A201
0,18,2,3,2600,A61,A73,4,A93,A101,4,A124,65,A143,A153,2,A173,1,A191,A201
3,15,2,3,1979,A65,A75,4,A93,A101,2,A123,35,A143,A152,1,A173,1,A191,A201
2,6,2,2,2116,A61,A73,2,A93,A101,2,A121,41,A143,A152,1,A173,1,A192,A201
1,9,1,0,1437,A62,A74,2,A93,A101,3,A124,29,A143,A152,1,A173,1,A191,A201
3,42,4,2,4042,A63,A73,4,A93,A101,4,A121,36,A143,A152,2,A173,1,A192,A201
3,9,2,6,3832,A65,A75,1,A93,A101,4,A121,64,A143,A152,1,A172,1,A191,A201
0,24,2,3,3660,A61,A73,2,A92,A101,4,A123,28,A143,A152,1,A173,1,A191,A201
0,18,1,2,1553,A61,A73,4,A93,A101,3,A123,44,A141,A152,1,A173,1,A191,A201
1,15,2,3,1444,A65,A72,4,A93,A101,1,A122,23,A143,A152,1,A173,1,A191,A201
3,9,2,2,1980,A61,A72,2,A92,A102,2,A123,19,A143,A151,2,A173,1,A191,A201
1,24,2,0,1355,A61,A72,3,A92,A101,4,A123,25,A143,A152,1,A172,1,A192,A201
3,12,2,6,1393,A61,A75,4,A93,A101,4,A122,47,A141,A152,3,A173,2,A192,A201
3,24,2,3,1376,A63,A74,4,A92,A101,1,A123,28,A143,A152,1,A173,1,A191,A201
3,60,3,3,15653,A61,A74,2,A93,A101,4,A123,21,A143,A152,2,A173,1,A192,A201
3,12,2,3,1493,A61,A72,4,A92,A101,3,A123,34,A143,A152,1,A173,2,A191,A201
0,42,3,3,4370,A61,A74,3,A93,A101,2,A122,26,A141,A152,2,A173,2,A192,A201
0,18,2,6,750,A61,A71,4,A92,A101,1,A121,27,A143,A152,1,A171,1,A191,A201
1,15,2,5,1308,A61,A75,4,A93,A101,4,A123,38,A143,A152,2,A172,1,A191,A201
3,15,2,6,4623,A62,A73,3,A93,A101,2,A122,40,A143,A152,1,A174,1,A192,A201
3,24,4,3,1851,A61,A74,4,A94,A103,2,A123,33,A143,A152,2,A173,1,A192,A201
0,18,4,3,1880,A61,A74,4,A94,A101,1,A122,32,A143,A152,2,A174,1,A192,A201
3,36,3,9,7980,A65,A72,4,A93,A101,4,A123,27,A143,A151,2,A173,1,A192,A201
0,30,0,2,4583,A61,A73,2,A91,A103,2,A121,32,A143,A152,2,A173,1,A191,A201
3,12,2,0,1386,A63,A73,2,A92,A101,2,A122,26,A143,A152,1,A173,1,A191,A201
2,24,2,0,947,A61,A74,4,A93,A101,3,A124,38,A141,A153,1,A173,2,A191,A201
0,12,2,6,684,A61,A73,4,A93,A101,4,A123,40,A143,A151,1,A172,2,A191,A201
0,48,2,6,7476,A61,A74,4,A93,A101,1,A124,50,A143,A153,1,A174,1,A192,A201
1,12,2,2,1922,A61,A73,4,A93,A101,2,A122,37,A143,A152,1,A172,1,A191,A201
0,24,2,0,2303,A61,A75,4,A93,A102,1,A121,45,A143,A152,1,A173,1,A191,A201
1,36,3,0,8086,A62,A75,2,A93,A101,4,A123,42,A143,A152,4,A174,1,A192,A201
3,24,4,1,2346,A61,A74,4,A93,A101,3,A123,35,A143,A152,2,A173,1,A192,A201
0,14,2,0,3973,A61,A71,1,A93,A101,4,A124,22,A143,A153,1,A173,1,A191,A201
1,12,2,0,888,A61,A75,4,A93,A101,4,A123,41,A141,A152,1,A172,2,A191,A201
3,48,2,3,10222,A65,A74,4,A93,A101,3,A123,37,A142,A152,1,A173,1,A192,A201
1,30,0,9,4221,A61,A73,2,A92,A101,1,A123,28,A143,A152,2,A173,1,A191,A201
1,18,4,2,6361,A61,A75,2,A93,A101,1,A124,41,A143,A152,1,A173,1,A192,A201
2,12,2,3,1297,A61,A73,3,A94,A101,4,A121,23,A143,A151,1,A173,1,A191,A201
0,12,2,0,900,A65,A73,4,A94,A101,2,A123,23,A143,A152,1,A173,1,A191,A201
3,21,2,2,2241,A61,A75,4,A93,A101,2,A121,50,A143,A152,2,A173,1,A191,A201
1,6,3,2,1050,A61,A71,4,A93,A101,1,A122,35,A142,A152,2,A174,1,A192,A201
2,6,4,6,1047,A61,A73,2,A92,A101,4,A122,50,A143,A152,1,A172,1,A191,A201
3,24,4,10,6314,A61,A71,4,A93,A102,2,A124,27,A141,A152,2,A174,1,A192,A201
1,30,1,2,3496,A64,A73,4,A93,A101,2,A123,34,A142,A152,1,A173,2,A192,A201
3,48,1,9,3609,A61,A73,1,A92,A101,1,A121,27,A142,A152,1,A173,1,A191,A201
0,12,4,0,4843,A61,A75,3,A93,A102,4,A122,43,A143,A151,2,A173,1,A192,A201
2,30,4,3,3017,A61,A75,4,A93,A101,4,A122,47,A143,A152,1,A173,1,A191,A201
3,24,4,9,4139,A62,A73,3,A93,A101,3,A122,27,A143,A152,2,A172,1,A192,A201
3,36,2,9,5742,A62,A74,2,A93,A101,2,A123,31,A143,A152,2,A173,1,A192,A201
3,60,2,0,10366,A61,A75,2,A93,A101,4,A122,42,A143,A152,1,A174,1,A192,A201
3,6,4,0,2080,A63,A73,1,A94,A101,2,A123,24,A143,A152,1,A173,1,A191,A201
3,21,3,9,2580,A63,A72,4,A93,A101,2,A121,41,A141,A152,1,A172,2,A191,A201
3,30,4,3,4530,A61,A74,4,A92,A101,4,A123,26,A143,A151,1,A174,1,A192,A201
3,24,4,2,5150,A61,A75,4,A93,A101,4,A123,33,A143,A152,1,A173,1,A192,A201
1,72,2,3,5595,A62,A73,2,A94,A101,2,A123,24,A143,A152,1,A173,1,A191,A201
0,24,2,3,2384,A61,A75,4,A93,A101,4,A121,64,A141,A151,1,A172,1,A191,A201
3,18,2,3,1453,A61,A72,3,A92,A101,1,A121,26,A143,A152,1,A173,1,A191,A201
3,6,2,6,1538,A61,A72,1,A92,A101,2,A124,56,A143,A152,1,A173,1,A191,A201
3,12,2,3,2279,A65,A73,4,A93,A101,4,A124,37,A143,A153,1,A173,1,A192,A201
3,15,3,3,1478,A61,A73,4,A94,A101,3,A121,33,A141,A152,2,A173,1,A191,A201
3,24,4,3,5103,A61,A72,3,A94,A101,3,A124,47,A143,A153,3,A173,1,A192,A201
1,36,3,9,9857,A62,A74,1,A93,A101,3,A122,31,A143,A152,2,A172,2,A192,A201
3,60,2,0,6527,A65,A73,4,A93,A101,4,A124,34,A143,A153,1,A173,2,A192,A201
2,10,4,3,1347,A65,A74,4,A93,A101,2,A122,27,A143,A152,2,A173,1,A192,A201
1,36,3,0,2862,A62,A75,4,A93,A101,3,A124,30,A143,A153,1,A173,1,A191,A201
3,9,2,3,2753,A62,A75,3,A93,A102,4,A123,35,A143,A152,1,A173,1,A192,A201
0,12,2,0,3651,A64,A73,1,A93,A101,3,A122,31,A143,A152,1,A173,2,A191,A201
0,15,4,2,975,A61,A73,2,A91,A101,3,A122,25,A143,A152,2,A173,1,A191,A201
1,15,2,5,2631,A62,A73,3,A92,A101,2,A121,25,A143,A152,1,A172,1,A191,A201
1,24,2,3,2896,A62,A72,2,A93,A101,1,A123,29,A143,A152,1,A173,1,A191,A201
0,6,4,0,4716,A65,A72,1,A93,A101,3,A121,44,A143,A152,2,A172,2,A191,A201
3,24,2,3,2284,A61,A74,4,A93,A101,2,A123,28,A143,A152,1,A173,1,A192,A201
3,6,2,1,1236,A63,A73,2,A93,A101,4,A122,50,A143,A151,1,A173,1,A191,A201
1,12,2,3,1103,A61,A74,4,A93,A103,3,A121,29,A143,A152,2,A173,1,A191,A202
3,12,4,0,926,A61,A71,1,A92,A101,2,A122,38,A143,A152,1,A171,1,A191,A201
3,18,4,3,1800,A61,A73,4,A93,A101,2,A123,24,A143,A152,2,A173,1,A191,A201
2,15,2,6,1905,A61,A75,4,A93,A101,4,A123,40,A143,A151,1,A174,1,A192,A201
3,12,2,2,1123,A63,A73,4,A92,A101,4,A123,29,A143,A151,1,A172,1,A191,A201
0,48,4,1,6331,A61,A75,4,A93,A101,4,A124,46,A143,A153,2,A173,1,A192,A201
2,24,2,3,1377,A62,A75,4,A92,A101,2,A124,47,A143,A153,1,A173,1,A192,A201
1,30,3,9,2503,A62,A75,4,A93,A101,2,A122,41,A142,A152,2,A173,1,A191,A201
1,27,2,9,2528,A61,A72,4,A92,A101,1,A122,32,A143,A152,1,A173,2,A192,A201
3,15,2,0,5324,A63,A75,1,A92,A101,4,A124,35,A143,A153,1,A173,1,A191,A201
1,48,2,0,6560,A62,A74,3,A93,A101,2,A122,24,A143,A152,1,A173,1,A191,A201
1,12,0,2,2969,A61,A72,4,A92,A101,3,A122,25,A143,A151,2,A173,1,A191,A201
1,9,2,3,1206,A61,A75,4,A92,A101,4,A121,25,A143,A152,1,A173,1,A191,A201
1,9,2,3,2118,A61,A73,2,A93,A101,2,A121,37,A143,A152,1,A172,2,A191,A201
3,18,4,3,629,A63,A75,4,A93,A101,3,A122,32,A141,A152,2,A174,1,A192,A201
0,6,1,6,1198,A61,A75,4,A92,A101,4,A124,35,A143,A153,1,A173,1,A191,A201
3,21,2,1,2476,A65,A75,4,A93,A101,4,A121,46,A143,A152,1,A174,1,A192,A201
0,9,4,3,1138,A61,A73,4,A93,A101,4,A121,25,A143,A152,2,A172,1,A191,A201
1,60,2,0,14027,A61,A74,4,A93,A101,2,A124,27,A143,A152,1,A174,1,A192,A201
3,30,4,1,7596,A65,A75,1,A93,A101,4,A123,63,A143,A152,2,A173,1,A191,A201
3,30,4,3,3077,A65,A75,3,A93,A101,2,A123,40,A143,A152,2,A173,2,A192,A201
3,18,2,3,1505,A61,A73,4,A93,A101,2,A124,32,A143,A153,1,A174,1,A192,A201
2,24,4,3,3148,A65,A73,3,A93,A101,2,A123,31,A143,A152,2,A173,1,A192,A201
1,20,0,1,6148,A62,A75,3,A94,A101,4,A123,31,A141,A152,2,A173,1,A192,A201
2,9,0,3,1337,A61,A72,4,A93,A101,2,A123,34,A143,A152,2,A174,1,A192,A201
1,6,1,6,433,A64,A72,4,A92,A101,2,A122,24,A141,A151,1,A173,2,A191,A201
0,12,2,0,1228,A61,A73,4,A92,A101,2,A121,24,A143,A152,1,A172,1,A191,A201
1,9,2,3,790,A63,A73,4,A92,A101,3,A121,66,A143,A152,1,A172,1,A191,A201
3,27,2,0,2570,A61,A73,3,A92,A101,3,A121,21,A143,A151,1,A173,1,A191,A201
3,6,4,0,250,A64,A73,2,A92,A101,2,A121,41,A141,A152,2,A172,1,A191,A201
3,15,4,3,1316,A63,A73,2,A94,A101,2,A122,47,A143,A152,2,A172,1,A191,A201
0,18,2,3,1882,A61,A73,4,A92,A101,4,A123,25,A141,A151,2,A173,1,A191,A201
1,48,1,9,6416,A61,A75,4,A92,A101,3,A124,59,A143,A151,1,A173,1,A191,A201
2,24,4,9,1275,A64,A73,2,A91,A101,4,A121,36,A143,A152,2,A173,1,A192,A201
1,24,3,3,6403,A61,A72,1,A93,A101,2,A123,33,A143,A152,1,A173,1,A191,A201
0,24,2,3,1987,A61,A73,2,A93,A101,4,A121,21,A143,A151,1,A172,2,A191,A201
1,8,2,3,760,A61,A74,4,A92,A103,2,A121,44,A143,A152,1,A172,1,A191,A201
3,24,2,1,2603,A64,A73,2,A92,A101,4,A123,28,A143,A151,1,A173,1,A192,A201
3,4,4,0,3380,A61,A74,1,A92,A101,1,A121,37,A143,A152,1,A173,2,A191,A201
1,36,1,4,3990,A65,A72,3,A92,A101,2,A124,29,A141,A152,1,A171,1,A191,A201
1,24,2,1,11560,A61,A73,1,A92,A101,4,A123,23,A143,A151,2,A174,1,A191,A201
0,18,2,0,4380,A62,A73,3,A93,A101,4,A123,35,A143,A152,1,A172,2,A192,A201
3,6,4,0,6761,A61,A74,1,A93,A101,3,A124,45,A143,A152,2,A174,2,A192,A201
1,30,0,9,4280,A62,A73,4,A92,A101,4,A123,26,A143,A151,2,A172,1,A191,A201
0,24,1,0,2325,A62,A74,2,A93,A101,3,A123,32,A141,A152,1,A173,1,A191,A201
1,10,1,3,1048,A61,A73,4,A93,A101,4,A121,23,A142,A152,1,A172,1,A191,A201
3,21,2,3,3160,A65,A75,4,A93,A101,3,A122,41,A143,A152,1,A173,1,A192,A201
0,24,1,2,2483,A63,A73,4,A93,A101,4,A121,22,A142,A152,1,A173,1,A192,A201
0,39,4,2,14179,A65,A74,4,A93,A101,4,A122,30,A143,A152,2,A174,1,A192,A201
0,13,4,9,1797,A61,A72,3,A93,A101,1,A122,28,A141,A152,2,A172,1,A191,A201
0,15,2,0,2511,A61,A71,1,A92,A101,4,A123,23,A143,A151,1,A173,1,A191,A201
0,12,2,0,1274,A61,A72,3,A92,A101,1,A121,37,A143,A152,1,A172,1,A191,A201
3,21,2,1,5248,A65,A73,1,A93,A101,3,A123,26,A143,A152,1,A173,1,A191,A201
3,15,2,1,3029,A61,A74,2,A93,A101,2,A123,33,A143,A152,1,A173,1,A191,A201
0,6,2,2,428,A61,A75,2,A92,A101,1,A122,49,A141,A152,1,A173,1,A192,A201
0,18,2,0,976,A61,A72,1,A92,A101,2,A123,23,A143,A152,1,A172,1,A191,A201
1,12,2,9,841,A62,A74,2,A92,A101,4,A121,23,A143,A151,1,A172,1,A191,A201
3,30,4,3,5771,A61,A74,4,A92,A101,2,A123,25,A143,A152,2,A173,1,A191,A201
3,12,3,5,1555,A64,A75,4,A93,A101,4,A124,55,A143,A153,2,A173,2,A191,A201
0,24,2,0,1285,A65,A74,4,A92,A101,4,A124,32,A143,A151,1,A173,1,A191,A201
2,6,4,0,1299,A61,A73,1,A93,A101,1,A121,74,A143,A152,3,A171,2,A191,A202
2,15,4,3,1271,A65,A73,3,A93,A101,4,A124,39,A143,A153,2,A173,1,A192,A201
3,24,2,0,1393,A61,A73,2,A93,A103,2,A121,31,A143,A152,1,A173,1,A192,A201
0,12,4,0,691,A61,A75,4,A93,A101,3,A122,35,A143,A152,2,A173,1,A191,A201
3,15,4,0,5045,A65,A75,1,A92,A101,4,A123,59,A143,A152,1,A173,1,A192,A201
0,18,4,2,2124,A61,A73,4,A92,A101,4,A121,24,A143,A151,2,A173,1,A191,A201
0,12,2,3,2214,A61,A73,4,A93,A101,3,A122,24,A143,A152,1,A172,1,A191,A201
3,21,4,0,12680,A65,A75,4,A93,A101,4,A124,30,A143,A153,1,A174,1,A192,A201
3,24,4,0,2463,A62,A74,4,A94,A101,3,A122,27,A143,A152,2,A173,1,A192,A201
1,12,2,3,1155,A61,A75,3,A94,A103,3,A121,40,A141,A152,2,A172,1,A191,A201
0,30,2,2,3108,A61,A72,2,A91,A101,4,A122,31,A143,A152,1,A172,1,A191,A201
3,10,2,1,2901,A65,A72,1,A92,A101,4,A121,31,A143,A151,1,A173,1,A191,A201
1,12,4,2,3617,A61,A75,1,A93,A101,4,A123,28,A143,A151,3,A173,1,A192,A201
3,12,4,3,1655,A61,A75,2,A93,A101,4,A121,63,A143,A152,2,A172,1,A192,A201
0,24,2,1,2812,A65,A75,2,A92,A101,4,A121,26,A143,A151,1,A173,1,A191,A201
0,36,4,6,8065,A61,A73,3,A92,A101,2,A124,25,A143,A152,2,A174,1,A192,A201
3,21,4,1,3275,A61,A75,1,A93,A101,4,A123,36,A143,A152,1,A174,1,A192,A201
3,24,4,3,2223,A62,A75,4,A93,A101,4,A122,52,A141,A152,2,A173,1,A191,A201
2,12,4,0,1480,A63,A71,2,A93,A101,4,A124,66,A141,A153,3,A171,1,A191,A201
0,24,2,0,1371,A65,A73,4,A92,A101,4,A121,25,A143,A151,1,A173,1,A191,A201
3,36,4,0,3535,A61,A74,4,A93,A101,4,A123,37,A143,A152,2,A173,1,A192,A201
0,18,2,3,3509,A61,A74,4,A92,A103,1,A121,25,A143,A152,1,A173,1,A191,A201
3,36,4,1,5711,A64,A75,4,A93,A101,2,A123,38,A143,A152,2,A174,1,A192,A201
1,18,2,5,3872,A61,A71,2,A92,A101,4,A123,67,A143,A152,1,A173,1,A192,A201
1,39,4,3,4933,A61,A74,2,A93,A103,2,A121,25,A143,A152,2,A173,1,A191,A201
3,24,4,0,1940,A64,A75,4,A93,A101,4,A121,60,A143,A152,1,A173,1,A192,A201
1,12,0,8,1410,A61,A73,2,A93,A101,2,A121,31,A143,A152,1,A172,1,A192,A201
1,12,2,0,836,A62,A72,4,A92,A101,2,A122,23,A141,A152,1,A172,1,A191,A201
1,20,2,1,6468,A65,A71,1,A91,A101,4,A121,60,A143,A152,1,A174,1,A192,A201
1,18,2,9,1941,A64,A73,4,A93,A101,2,A122,35,A143,A152,1,A172,1,A192,A201
3,22,2,3,2675,A63,A75,3,A93,A101,4,A123,40,A143,A152,1,A173,1,A191,A201
3,48,4,1,2751,A65,A75,4,A93,A101,3,A123,38,A143,A152,2,A173,2,A192,A201
1,48,3,6,6224,A61,A75,4,A93,A101,4,A124,50,A143,A153,1,A173,1,A191,A201
0,40,4,6,5998,A61,A73,4,A93,A101,3,A124,27,A141,A152,1,A173,1,A192,A201
1,21,2,9,1188,A61,A75,2,A92,A101,4,A122,39,A143,A152,1,A173,2,A191,A201
3,24,2,1,6313,A65,A75,3,A93,A101,4,A123,41,A143,A152,1,A174,2,A192,A201
3,6,4,2,1221,A65,A73,1,A94,A101,2,A122,27,A143,A152,2,A173,1,A191,A201
2,24,2,2,2892,A61,A75,3,A91,A101,4,A124,51,A143,A153,1,A173,1,A191,A201
3,24,2,2,3062,A63,A75,4,A93,A101,3,A124,32,A143,A151,1,A173,1,A192,A201
3,9,2,2,2301,A62,A72,2,A92,A101,4,A122,22,A143,A151,1,A173,1,A191,A201
0,18,2,1,7511,A65,A75,1,A93,A101,4,A122,51,A143,A153,1,A173,2,A192,A201
3,12,4,2,1258,A61,A72,2,A92,A101,4,A122,22,A143,A151,2,A172,1,A191,A201
3,24,3,0,717,A65,A75,4,A94,A101,4,A123,54,A143,A152,2,A173,1,A192,A201
1,9,2,0,1549,A65,A72,4,A93,A101,2,A121,35,A143,A152,1,A171,1,A191,A201
3,24,4,6,1597,A61,A75,4,A93,A101,4,A124,54,A143,A153,2,A173,2,A191,A201
1,18,4,3,1795,A61,A75,3,A92,A103,4,A121,48,A141,A151,2,A172,1,A192,A201
0,20,4,2,4272,A61,A75,1,A92,A101,4,A122,24,A143,A152,2,A173,1,A191,A201
3,12,4,3,976,A65,A75,4,A93,A101,4,A123,35,A143,A152,2,A173,1,A191,A201
1,12,2,0,7472,A65,A71,1,A92,A101,2,A121,24,A143,A151,1,A171,1,A191,A201
0,36,2,0,9271,A61,A74,2,A93,A101,1,A123,24,A143,A152,1,A173,1,A192,A201
1,6,2,3,590,A61,A72,3,A94,A101,3,A121,26,A143,A152,1,A172,1,A191,A202
3,12,4,3,930,A65,A75,4,A93,A101,4,A121,65,A143,A152,4,A173,1,A191,A201
1,42,1,1,9283,A61,A71,1,A93,A101,2,A124,55,A141,A153,1,A174,1,A192,A201
1,15,0,0,1778,A61,A72,2,A92,A101,1,A121,26,A143,A151,2,A171,1,A191,A201
1,8,2,9,907,A61,A72,3,A94,A101,2,A121,26,A143,A152,1,A173,1,A192,A201
1,6,2,3,484,A61,A74,3,A94,A103,3,A121,28,A141,A152,1,A172,1,A191,A201
0,36,4,1,9629,A61,A74,4,A93,A101,4,A123,24,A143,A152,2,A173,1,A192,A201
0,48,2,4,3051,A61,A73,3,A93,A101,4,A123,54,A143,A152,1,A173,1,A191,A201
0,48,2,0,3931,A61,A74,4,A93,A101,4,A124,46,A143,A153,1,A173,2,A191,A201
1,36,3,0,7432,A61,A73,2,A92,A101,2,A122,54,A143,A151,1,A173,1,A191,A201
3,6,2,4,1338,A63,A73,1,A91,A101,4,A121,62,A143,A152,1,A173,1,A191,A201
3,6,4,3,1554,A61,A74,1,A92,A101,2,A123,24,A143,A151,2,A173,1,A192,A201
0,36,2,10,15857,A61,A71,2,A91,A102,3,A123,43,A143,A152,1,A174,1,A191,A201
0,18,2,3,1345,A61,A73,4,A94,A101,3,A121,26,A141,A152,1,A173,1,A191,A201
3,12,2,0,1101,A61,A73,3,A94,A101,2,A121,27,A143,A152,2,A173,1,A192,A201
2,12,2,3,3016,A61,A73,3,A94,A101,1,A123,24,A143,A152,1,A173,1,A191,A201
0,36,2,2,2712,A61,A75,2,A93,A101,2,A122,41,A141,A152,1,A173,2,A191,A201
0,8,4,0,731,A61,A75,4,A93,A101,4,A121,47,A143,A152,2,A172,1,A191,A201
3,18,4,2,3780,A61,A72,3,A91,A101,2,A123,35,A143,A152,2,A174,1,A192,A201
0,21,4,0,1602,A61,A75,4,A94,A101,3,A123,30,A143,A152,2,A173,1,A192,A201
0,18,4,0,3966,A61,A75,1,A92,A101,4,A121,33,A141,A151,3,A173,1,A192,A201
3,18,0,9,4165,A61,A73,2,A93,A101,2,A123,36,A142,A152,2,A173,2,A191,A201
0,36,2,1,8335,A65,A75,3,A93,A101,4,A124,47,A143,A153,1,A173,1,A191,A201
1,48,3,9,6681,A65,A73,4,A93,A101,4,A124,38,A143,A153,1,A173,2,A192,A201
3,24,3,9,2375,A63,A73,4,A93,A101,2,A123,44,A143,A152,2,A173,2,A192,A201
0,18,2,0,1216,A61,A72,4,A92,A101,3,A123,23,A143,A151,1,A173,1,A192,A201
0,45,0,9,11816,A61,A75,2,A93,A101,4,A123,29,A143,A151,2,A173,1,A191,A201
1,24,2,3,5084,A65,A75,2,A92,A101,4,A123,42,A143,A152,1,A173,1,A192,A201
2,15,2,3,2327,A61,A72,2,A92,A101,3,A121,25,A143,A152,1,A172,1,A191,A201
0,12,0,0,1082,A61,A73,4,A93,A101,4,A123,48,A141,A152,2,A173,1,A191,A201
3,12,2,3,886,A65,A73,4,A92,A101,2,A123,21,A143,A152,1,A173,1,A191,A201
3,4,2,2,601,A61,A72,1,A92,A101,3,A121,23,A143,A151,1,A172,2,A191,A201
0,24,4,1,2957,A61,A75,4,A93,A101,4,A122,63,A143,A152,2,A173,1,A192,A201
3,24,4,3,2611,A61,A75,4,A94,A102,3,A121,46,A143,A152,2,A173,1,A191,A201
0,36,2,2,5179,A61,A74,4,A93,A101,2,A122,29,A143,A152,1,A173,1,A191,A201
3,21,3,1,2993,A61,A73,3,A93,A101,2,A121,28,A142,A152,2,A172,1,A191,A201
3,18,2,5,1943,A61,A72,4,A92,A101,4,A121,23,A143,A152,1,A173,1,A191,A201
3,24,1,9,1559,A61,A74,4,A93,A101,4,A123,50,A141,A152,1,A173,1,A192,A201
3,18,2,2,3422,A61,A75,4,A93,A101,4,A122,47,A141,A152,3,A173,2,A192,A201
1,21,2,2,3976,A65,A74,2,A93,A101,3,A123,35,A143,A152,1,A173,1,A192,A201
3,18,2,0,6761,A65,A73,2,A93,A101,4,A123,68,A143,A151,2,A173,1,A191,A201
3,24,2,0,1249,A61,A72,4,A94,A101,2,A121,28,A143,A152,1,A173,1,A191,A201
0,9,2,3,1364,A61,A74,3,A93,A101,4,A121,59,A143,A152,1,A173,1,A191,A201
0,12,2,3,709,A61,A75,4,A93,A101,4,A121,57,A142,A152,1,A172,1,A191,A201
0,20,4,0,2235,A61,A73,4,A94,A103,2,A122,33,A141,A151,2,A173,1,A191,A202
3,24,4,1,4042,A65,A74,3,A93,A101,4,A122,43,A143,A152,2,A173,1,A192,A201
3,15,4,3,1471,A61,A73,4,A93,A101,4,A124,35,A143,A153,2,A173,1,A192,A201
0,18,1,0,1442,A61,A74,4,A93,A101,4,A124,32,A143,A153,2,A172,2,A191,A201
3,36,3,0,10875,A61,A75,2,A93,A101,2,A123,45,A143,A152,2,A173,2,A192,A201
3,24,2,0,1474,A62,A72,4,A94,A101,3,A121,33,A143,A152,1,A173,1,A192,A201
3,10,2,8,894,A65,A74,4,A92,A101,3,A122,40,A143,A152,1,A173,1,A192,A201
3,15,4,2,3343,A61,A73,4,A93,A101,2,A124,28,A143,A153,1,A173,1,A192,A201
0,15,2,0,3959,A61,A73,3,A92,A101,2,A122,29,A143,A152,1,A173,1,A192,A201
3,9,2,0,3577,A62,A73,1,A93,A103,2,A121,26,A143,A151,1,A173,2,A191,A202
3,24,4,1,5804,A64,A73,4,A93,A101,2,A121,27,A143,A152,2,A173,1,A191,A201
3,18,3,9,2169,A61,A73,4,A94,A101,2,A123,28,A143,A152,1,A173,1,A192,A201
0,24,2,3,2439,A61,A72,4,A92,A101,4,A121,35,A143,A152,1,A173,1,A192,A201
3,27,4,2,4526,A64,A72,4,A93,A101,2,A121,32,A142,A152,2,A172,2,A192,A201
3,10,2,2,2210,A61,A73,2,A93,A101,2,A121,25,A141,A151,1,A172,1,A191,A201
3,15,2,2,2221,A63,A73,2,A92,A101,4,A123,20,A143,A151,1,A173,1,A191,A201
0,18,2,3,2389,A61,A72,4,A92,A101,1,A123,27,A142,A152,1,A173,1,A191,A201
3,12,4,2,3331,A61,A75,2,A93,A101,4,A122,42,A142,A152,1,A173,1,A191,A201
3,36,2,9,7409,A65,A75,3,A93,A101,2,A122,37,A143,A152,2,A173,1,A191,A201
0,12,2,2,652,A61,A75,4,A92,A101,4,A122,24,A143,A151,1,A173,1,A191,A201
3,36,3,2,7678,A63,A74,2,A92,A101,4,A123,40,A143,A152,2,A173,1,A192,A201
2,6,4,0,1343,A61,A75,1,A93,A101,4,A121,46,A143,A152,2,A173,2,A191,A202
0,24,4,9,1382,A62,A74,4,A93,A101,1,A121,26,A143,A152,2,A173,1,A192,A201
3,15,2,4,874,A65,A72,4,A92,A101,1,A121,24,A143,A152,1,A173,1,A191,A201
0,12,2,2,3590,A61,A73,2,A93,A102,2,A122,29,A143,A152,1,A172,2,A191,A201
1,11,4,0,1322,A64,A73,4,A92,A101,4,A123,40,A143,A152,2,A173,1,A191,A201
0,18,1,3,1940,A61,A72,3,A93,A102,4,A124,36,A141,A153,1,A174,1,A192,A201
3,36,2,3,3595,A61,A75,4,A93,A101,2,A123,28,A143,A152,1,A173,1,A191,A201
0,9,2,0,1422,A61,A72,3,A93,A101,2,A124,27,A143,A153,1,A174,1,A192,A201
3,30,4,3,6742,A65,A74,2,A93,A101,3,A122,36,A143,A152,2,A173,1,A191,A201
3,24,2,1,7814,A61,A74,3,A93,A101,3,A123,38,A143,A152,1,A174,1,A192,A201
3,24,2,1,9277,A65,A73,2,A91,A101,4,A124,48,A143,A153,1,A173,1,A192,A201
1,30,4,0,2181,A65,A75,4,A93,A101,4,A121,36,A143,A152,2,A173,1,A191,A201
3,18,4,3,1098,A61,A71,4,A92,A101,4,A123,65,A143,A152,2,A171,1,A191,A201
1,24,2,2,4057,A61,A74,3,A91,A101,3,A123,43,A143,A152,1,A173,1,A192,A201
0,12,2,6,795,A61,A72,4,A92,A101,4,A122,53,A143,A152,1,A173,1,A191,A201
1,24,4,9,2825,A65,A74,4,A93,A101,3,A124,34,A143,A152,2,A173,2,A192,A201
1,48,2,9,15672,A61,A73,2,A93,A101,2,A123,23,A143,A152,1,A173,1,A192,A201
3,36,4,0,6614,A61,A75,4,A93,A101,4,A123,34,A143,A152,2,A174,1,A192,A201
3,28,1,1,7824,A65,A72,3,A93,A103,4,A121,40,A141,A151,2,A173,2,A192,A201
0,27,4,9,2442,A61,A75,4,A93,A101,4,A123,43,A142,A152,4,A174,2,A192,A201
3,15,4,3,1829,A61,A75,4,A93,A101,4,A123,46,A143,A152,2,A173,1,A192,A201
0,12,4,0,2171,A61,A73,4,A93,A101,4,A122,38,A141,A152,2,A172,1,A191,A202
1,36,4,1,5800,A61,A73,3,A93,A101,4,A123,34,A143,A152,2,A173,1,A192,A201
3,18,4,3,1169,A65,A73,4,A93,A101,3,A122,29,A143,A152,2,A173,1,A192,A201
3,36,3,1,8947,A65,A74,3,A93,A101,2,A123,31,A142,A152,1,A174,2,A192,A201
0,21,2,3,2606,A61,A72,4,A92,A101,4,A122,28,A143,A151,1,A174,1,A192,A201
3,12,4,2,1592,A64,A74,3,A92,A101,2,A122,35,A143,A152,1,A173,1,A191,A202
3,15,2,2,2186,A65,A74,1,A92,A101,4,A121,33,A141,A151,1,A172,1,A191,A201
0,18,2,2,4153,A61,A73,2,A93,A102,3,A123,42,A143,A152,1,A173,1,A191,A201
0,16,4,0,2625,A61,A75,2,A93,A103,4,A122,43,A141,A151,1,A173,1,A192,A201
3,20,4,0,3485,A65,A72,2,A91,A101,4,A121,44,A143,A152,2,A173,1,A192,A201
3,36,4,1,10477,A65,A75,2,A93,A101,4,A124,42,A143,A153,2,A173,1,A191,A201
3,15,2,3,1386,A65,A73,4,A94,A101,2,A121,40,A143,A151,1,A173,1,A192,A201
3,24,2,3,1278,A61,A75,4,A93,A101,1,A121,36,A143,A152,1,A174,1,A192,A201
0,12,2,3,1107,A61,A73,2,A93,A101,2,A121,20,A143,A151,1,A174,2,A192,A201
0,21,2,0,3763,A65,A74,2,A93,A102,2,A121,24,A143,A152,1,A172,1,A191,A202
1,36,2,6,3711,A65,A73,2,A94,A101,2,A123,27,A143,A152,1,A173,1,A191,A201
3,15,3,1,3594,A61,A72,1,A92,A101,2,A122,46,A143,A152,2,A172,1,A191,A201
1,9,2,0,3195,A65,A73,1,A92,A101,2,A121,33,A143,A152,1,A172,1,A191,A201
3,36,3,3,4454,A61,A73,4,A92,A101,4,A121,34,A143,A152,2,A173,1,A191,A201
1,24,4,2,4736,A61,A72,2,A92,A101,4,A123,25,A141,A152,1,A172,1,A191,A201
1,30,2,3,2991,A65,A75,2,A92,A101,4,A123,25,A143,A152,1,A173,1,A191,A201
3,11,2,9,2142,A64,A75,1,A91,A101,2,A121,28,A143,A152,1,A173,1,A192,A201
0,24,1,9,3161,A61,A73,4,A93,A101,2,A122,31,A143,A151,1,A173,1,A192,A201
1,48,0,10,18424,A61,A73,1,A92,A101,2,A122,32,A141,A152,1,A174,1,A192,A202
3,10,2,1,2848,A62,A73,1,A93,A102,2,A121,32,A143,A152,1,A173,2,A191,A201
0,6,2,0,14896,A61,A75,1,A93,A101,4,A124,68,A141,A152,1,A174,1,A192,A201
0,24,2,2,2359,A62,A71,1,A91,A101,1,A122,33,A143,A152,1,A173,1,A191,A201
0,24,2,2,3345,A61,A75,4,A93,A101,2,A122,39,A143,A151,1,A174,1,A192,A201
3,18,4,2,1817,A61,A73,4,A92,A101,2,A124,28,A143,A152,2,A173,1,A191,A201
3,48,3,3,12749,A63,A74,4,A93,A101,1,A123,37,A143,A152,1,A174,1,A192,A201
0,9,2,3,1366,A61,A72,3,A92,A101,4,A122,22,A143,A151,1,A173,1,A191,A201
1,12,2,0,2002,A61,A74,3,A93,A101,4,A122,30,A143,A151,1,A173,2,A192,A201
0,24,1,2,6872,A61,A72,2,A91,A101,1,A122,55,A141,A152,1,A173,1,A192,A201
0,12,1,0,697,A61,A72,4,A93,A101,2,A123,46,A141,A152,2,A173,1,A192,A201
0,18,4,2,1049,A61,A72,4,A92,A101,4,A122,21,A143,A151,1,A173,1,A191,A201
0,48,2,1,10297,A61,A74,4,A93,A101,4,A124,39,A142,A153,3,A173,2,A192,A201
3,30,2,3,1867,A65,A75,4,A93,A101,4,A123,58,A143,A152,1,A173,1,A192,A201
0,12,3,0,1344,A61,A73,4,A93,A101,2,A121,43,A143,A152,2,A172,2,A191,A201
0,24,2,2,1747,A61,A72,4,A93,A102,1,A122,24,A143,A152,1,A172,1,A191,A202
1,9,2,3,1670,A61,A72,4,A92,A101,2,A123,22,A143,A152,1,A173,1,A192,A201
3,9,4,0,1224,A61,A73,3,A93,A101,1,A121,30,A143,A152,2,A173,1,A191,A201
3,12,4,3,522,A63,A75,4,A93,A101,4,A122,42,A143,A152,2,A173,2,A192,A201
0,12,2,3,1498,A61,A73,4,A92,A101,1,A123,23,A141,A152,1,A173,1,A191,A201
1,30,3,3,1919,A62,A72,4,A93,A101,3,A124,30,A142,A152,2,A174,1,A191,A201
2,9,2,3,745,A61,A73,3,A92,A101,2,A121,28,A143,A152,1,A172,1,A191,A201
1,6,2,3,2063,A61,A72,4,A94,A101,3,A123,30,A143,A151,1,A174,1,A192,A201
1,60,2,6,6288,A61,A73,4,A93,A101,4,A124,42,A143,A153,1,A173,1,A191,A201
3,24,4,1,6842,A65,A73,2,A93,A101,4,A122,46,A143,A152,2,A174,2,A192,A201
3,12,2,0,3527,A65,A72,2,A93,A101,3,A122,45,A143,A152,1,A174,2,A192,A201
3,10,2,0,1546,A61,A73,3,A93,A101,2,A121,31,A143,A152,1,A172,2,A191,A202
3,24,2,2,929,A65,A74,4,A93,A101,2,A123,31,A142,A152,1,A173,1,A192,A201
3,4,4,0,1455,A61,A74,2,A93,A101,1,A121,42,A143,A152,3,A172,2,A191,A201
0,15,2,2,1845,A61,A72,4,A92,A103,1,A122,46,A143,A151,1,A173,1,A191,A201
1,48,0,0,8358,A63,A72,1,A92,A101,1,A123,30,A143,A152,2,A173,1,A191,A201
0,24,1,2,3349,A63,A72,4,A93,A101,4,A124,30,A143,A153,1,A173,2,A192,A201
3,12,2,0,2859,A65,A71,4,A93,A101,4,A124,38,A143,A152,1,A174,1,A192,A201
3,18,2,2,1533,A61,A72,4,A94,A102,1,A122,43,A143,A152,1,A172,2,A191,A201
3,24,2,3,3621,A62,A75,2,A93,A101,4,A123,31,A143,A152,2,A173,1,A191,A201
1,18,4,9,3590,A61,A71,3,A94,A101,3,A123,40,A143,A152,3,A171,2,A192,A201
0,36,3,9,2145,A61,A74,2,A93,A101,1,A123,24,A143,A152,2,A173,1,A192,A201
1,24,2,1,4113,A63,A72,3,A92,A101,4,A123,28,A143,A151,1,A173,1,A191,A201
3,36,2,2,10974,A61,A71,4,A92,A101,2,A123,26,A143,A152,2,A174,1,A192,A201
0,12,2,0,1893,A61,A73,4,A92,A103,4,A122,29,A143,A152,1,A173,1,A192,A201
0,24,4,3,1231,A64,A75,4,A92,A101,4,A122,57,A143,A151,2,A174,1,A192,A201
2,30,4,3,3656,A65,A75,4,A93,A101,4,A122,49,A142,A152,2,A172,1,A191,A201
1,9,4,3,1154,A61,A75,2,A93,A101,4,A121,37,A143,A152,3,A172,1,A191,A201
0,28,2,0,4006,A61,A73,3,A93,A101,2,A123,45,A143,A152,1,A172,1,A191,A201
1,24,2,2,3069,A62,A75,4,A93,A101,4,A124,30,A143,A153,1,A173,1,A191,A201
3,6,4,3,1740,A61,A75,2,A94,A101,2,A121,30,A143,A151,2,A173,1,A191,A201
1,21,3,0,2353,A61,A73,1,A91,A101,4,A122,47,A143,A152,2,A173,1,A191,A201
3,15,2,0,3556,A65,A73,3,A93,A101,2,A124,29,A143,A152,1,A173,1,A191,A201
3,24,2,3,2397,A63,A75,3,A93,A101,2,A123,35,A141,A152,2,A173,1,A192,A201
1,6,2,5,454,A61,A72,3,A94,A101,1,A122,22,A143,A152,1,A172,1,A191,A201
1,30,2,3,1715,A65,A73,4,A92,A101,1,A123,26,A143,A152,1,A173,1,A191,A201
1,27,4,3,2520,A63,A73,4,A93,A101,2,A122,23,A143,A152,2,A172,1,A191,A201
3,15,2,3,3568,A61,A75,4,A92,A101,2,A123,54,A141,A151,1,A174,1,A192,A201
3,42,2,3,7166,A65,A74,2,A94,A101,4,A122,29,A143,A151,1,A173,1,A192,A201
0,11,4,0,3939,A61,A73,1,A93,A101,2,A121,40,A143,A152,2,A172,2,A191,A201
1,15,2,5,1514,A62,A73,4,A93,A103,2,A121,22,A143,A152,1,A173,1,A191,A201
3,24,2,0,7393,A61,A73,1,A93,A101,4,A122,43,A143,A152,1,A172,2,A191,A201
0,24,1,0,1193,A61,A71,1,A92,A102,4,A124,29,A143,A151,2,A171,1,A191,A201
0,60,2,9,7297,A61,A75,4,A93,A102,4,A124,36,A143,A151,1,A173,1,A191,A201
3,30,4,3,2831,A61,A73,4,A92,A101,2,A123,33,A143,A152,1,A173,1,A192,A201
2,24,2,3,1258,A63,A73,3,A92,A101,3,A123,57,A143,A152,1,A172,1,A191,A201
1,6,2,3,753,A61,A73,2,A92,A103,3,A121,64,A143,A152,1,A173,1,A191,A201
1,18,3,9,2427,A65,A75,4,A93,A101,2,A122,42,A143,A152,2,A173,1,A191,A201
3,24,3,0,2538,A61,A75,4,A93,A101,4,A123,47,A143,A152,2,A172,2,A191,A201
1,15,1,0,1264,A62,A73,2,A94,A101,2,A122,25,A143,A151,1,A173,1,A191,A201
1,30,4,2,8386,A61,A74,2,A93,A101,2,A122,49,A143,A152,1,A173,1,A191,A201
3,48,2,9,4844,A61,A71,3,A93,A101,2,A123,33,A141,A151,1,A174,1,A192,A201
2,21,2,0,2923,A62,A73,1,A92,A101,1,A123,28,A141,A152,1,A174,1,A192,A201
0,36,2,1,8229,A61,A73,2,A93,A101,2,A122,26,A143,A152,1,A173,2,A191,A201
3,24,4,2,2028,A61,A74,2,A93,A101,2,A122,30,A143,A152,2,A172,1,A191,A201
0,15,4,2,1433,A61,A73,4,A92,A101,3,A122,25,A143,A151,2,A173,1,A191,A201
2,42,0,9,6289,A61,A72,2,A91,A101,1,A122,33,A143,A152,2,A173,1,A191,A201
3,13,2,3,1409,A62,A71,2,A92,A101,4,A121,64,A143,A152,1,A173,1,A191,A201
0,24,2,1,6579,A61,A71,4,A93,A101,2,A124,29,A143,A153,1,A174,1,A192,A201
1,24,4,3,1743,A61,A75,4,A93,A101,2,A122,48,A143,A152,2,A172,1,A191,A201
3,12,4,6,3565,A65,A72,2,A93,A101,1,A122,37,A143,A152,2,A172,2,A191,A201
3,15,1,3,1569,A62,A75,4,A93,A101,4,A123,34,A141,A152,1,A172,2,A191,A201
0,18,2,3,1936,A65,A74,2,A94,A101,4,A123,23,A143,A151,2,A172,1,A191,A201
0,36,2,2,3959,A61,A71,4,A93,A101,3,A122,30,A143,A152,1,A174,1,A192,A201
3,12,2,0,2390,A65,A75,4,A93,A101,3,A123,50,A143,A152,1,A173,1,A192,A201
3,12,2,2,1736,A61,A74,3,A92,A101,4,A121,31,A143,A152,1,A172,1,A191,A201
0,30,2,1,3857,A61,A73,4,A91,A101,4,A122,40,A143,A152,1,A174,1,A192,A201
3,12,2,3,804,A61,A75,4,A93,A101,4,A123,38,A143,A152,1,A173,1,A191,A201
0,45,2,3,1845,A61,A73,4,A93,A101,4,A124,23,A143,A153,1,A173,1,A192,A201
1,45,4,1,4576,A62,A71,3,A93,A101,4,A123,27,A143,A152,1,A173,1,A191,A201
