AT0,AT1,AT2,AT3,AT4,AT5,AT6,AT7,AT8,AT9,AT10,AT11,AT12,AT13,AT14,AT15,AT16,AT17,AT18,AT19,AT20,Class
A11,6,A34,A43,1169,5,5,4,3,1,4,A121,67,3,2,2,3,1,2,1,1
A12,48,A32,A43,5951,1,3,2,2,1,2,A121,22,3,2,1,3,1,1,1,2
A14,12,A34,A46,2096,1,4,2,3,1,3,A121,49,3,2,1,2,2,1,1,1
A11,42,A32,A42,7882,1,4,2,3,3,4,A122,45,3,3,1,3,2,1,1,1
A11,24,A33,A40,4870,1,3,3,3,1,4,A124,53,3,3,2,3,2,1,1,2
A14,36,A32,A46,9055,5,3,2,3,1,4,A124,35,3,3,1,2,2,2,1,1
A14,24,A32,A42,2835,3,5,3,3,1,4,A122,53,3,2,1,3,1,1,1,1
A12,36,A32,A41,6948,1,3,2,3,1,2,A123,35,3,1,1,4,1,2,1,1
A14,12,A32,A43,3059,4,4,2,1,1,4,A121,61,3,2,1,2,1,1,1,1
A12,30,A34,A40,5234,1,1,4,4,1,2,A123,28,3,2,2,4,1,1,1,2
A12,12,A32,A40,1295,1,2,3,2,1,1,A123,25,3,1,1,3,1,1,1,2
A11,48,A32,A49,4308,1,2,3,2,1,4,A122,24,3,1,1,3,1,1,1,2
A12,12,A32,A43,1567,1,3,1,2,1,1,A123,22,3,2,1,3,1,2,1,1
A11,24,A34,A40,1199,1,5,4,3,1,4,A123,60,3,2,2,2,1,1,1,2
A11,15,A32,A40,1403,1,3,2,2,1,4,A123,28,3,1,1,3,1,1,1,1
A11,24,A32,A43,1282,2,3,4,2,1,2,A123,32,3,2,1,2,1,1,1,2
A14,24,A34,A43,2424,5,5,4,3,1,4,A122,53,3,2,2,3,1,1,1,1
A11,30,A30,A49,8072,5,2,2,3,1,3,A123,25,1,2,3,3,1,1,1,1
A12,24,A32,A41,12579,1,5,4,2,1,2,A124,44,3,3,1,4,1,2,1,2
A14,24,A32,A43,3430,3,5,3,3,1,2,A123,31,3,2,1,3,2,2,1,1
A14,9,A34,A40,2134,1,3,4,3,1,4,A123,48,3,2,3,3,1,2,1,1
A11,6,A32,A43,2647,3,3,2,3,1,3,A121,44,3,1,1,3,2,1,1,1
A11,10,A34,A40,2241,1,2,1,3,1,3,A121,48,3,1,2,2,2,1,2,1
A12,12,A34,A41,1804,2,2,3,3,1,4,A122,44,3,2,1,3,1,1,1,1
A14,10,A34,A42,2069,5,3,2,4,1,1,A123,26,3,2,2,3,1,1,2,1
A11,6,A32,A42,1374,1,3,1,3,1,2,A121,36,1,2,1,2,1,2,1,1
A14,6,A30,A43,426,1,5,4,4,1,4,A123,39,3,2,1,2,1,1,1,1
A13,12,A31,A43,409,4,3,3,2,1,3,A121,42,3,1,2,3,1,1,1,1
A12,7,A32,A43,2415,1,3,3,3,3,2,A121,34,3,2,1,3,1,1,1,1
A11,60,A33,A49,6836,1,5,3,3,1,4,A124,63,3,2,2,3,1,2,1,2
A12,18,A32,A49,1913,4,2,3,4,1,3,A121,36,1,2,1,3,1,2,1,1
A11,24,A32,A42,4020,1,3,2,3,1,2,A123,27,2,2,1,3,1,1,1,1
A12,18,A32,A40,5866,2,3,2,3,1,2,A123,30,3,2,2,3,1,2,1,1
A14,12,A34,A49,1264,5,5,4,3,1,4,A124,57,3,1,1,2,1,1,1,1
A13,12,A32,A42,1474,1,2,4,2,1,1,A122,33,1,2,1,4,1,2,1,1
A12,45,A34,A43,4746,1,2,4,3,1,2,A122,25,3,2,2,2,1,1,1,2
A14,48,A34,A46,6110,1,3,1,3,1,3,A124,31,1,3,1,3,1,2,1,1
A13,18,A32,A43,2100,1,3,4,3,2,2,A121,37,2,2,1,3,1,1,1,2
A13,10,A32,A44,1225,1,3,2,3,1,2,A123,37,3,2,1,3,1,2,1,1
A12,9,A32,A43,458,1,3,4,3,1,3,A121,24,3,2,1,3,1,1,1,1
A14,30,A32,A43,2333,3,5,4,3,1,2,A123,30,1,2,1,4,1,1,1,1
A12,12,A32,A43,1158,3,3,3,1,1,1,A123,26,3,2,1,3,1,2,1,1
A12,18,A33,A45,6204,1,3,2,3,1,4,A121,44,3,2,1,2,2,2,1,1
A11,30,A34,A41,6187,2,4,1,4,1,4,A123,24,3,1,2,3,1,1,1,1
A11,48,A34,A41,6143,1,5,4,2,1,4,A124,58,2,3,2,2,1,1,1,2
A14,11,A34,A40,1393,1,2,4,2,1,4,A123,35,3,2,2,4,1,1,1,1
A14,36,A32,A43,2299,3,5,4,3,1,4,A123,39,3,2,1,3,1,1,1,1
A11,6,A32,A41,1352,3,1,1,2,1,2,A122,23,3,1,1,1,1,2,1,1
A14,11,A34,A40,7228,1,3,1,3,1,4,A122,39,3,2,2,2,1,1,1,1
A14,12,A32,A43,2073,2,3,4,2,2,2,A121,28,3,2,1,3,1,1,1,1
A12,24,A33,A42,2333,5,2,4,3,1,2,A122,29,1,2,1,2,1,1,1,1
A12,27,A33,A41,5965,1,5,1,3,1,2,A123,30,3,2,2,4,1,2,1,1
A14,12,A32,A43,1262,1,3,3,3,1,2,A123,25,3,2,1,3,1,1,1,1
A14,18,A32,A41,3378,5,3,2,3,1,1,A122,31,3,2,1,3,1,2,1,1
A12,36,A33,A40,2225,1,5,4,3,1,4,A124,57,1,3,2,3,1,2,1,2
A14,6,A31,A40,783,5,3,1,3,3,2,A121,26,2,2,1,2,2,1,1,1
A12,12,A32,A43,6468,5,1,2,3,1,1,A124,52,3,2,1,4,1,2,1,2
A14,36,A34,A43,9566,1,3,2,2,1,2,A123,31,2,2,2,3,1,1,1,1
A13,18,A32,A40,1961,1,5,3,2,1,2,A123,23,3,2,1,4,1,1,1,1
A11,36,A34,A42,6229,1,2,4,2,2,4,A124,23,3,1,2,2,1,2,1,2
A12,9,A32,A49,1391,1,3,2,4,1,1,A121,27,1,2,1,3,1,2,1,1
A12,15,A34,A43,1537,5,5,4,3,3,4,A121,50,3,2,2,3,1,2,1,1
A12,36,A30,A49,1953,1,5,4,3,1,4,A124,61,3,3,1,4,1,2,1,2
A12,48,A30,A49,14421,1,3,2,3,1,2,A123,25,3,2,1,3,1,2,1,2
A14,24,A32,A43,3181,1,2,4,2,1,4,A122,26,3,2,1,3,1,2,1,1
A14,27,A32,A45,5190,5,5,4,3,1,4,A122,48,3,2,4,3,2,2,1,1
A14,12,A32,A43,2171,1,2,2,2,1,2,A123,29,1,2,1,3,1,1,1,1
A12,12,A32,A40,1007,4,3,4,4,1,1,A121,22,3,2,1,3,1,1,1,1
A14,36,A32,A46,1819,1,3,4,3,1,4,A124,37,2,3,1,3,1,2,1,2
A14,36,A32,A43,2394,5,3,4,2,1,4,A123,25,3,2,1,3,1,1,1,1
A14,36,A32,A41,8133,1,3,1,2,1,2,A122,30,1,2,1,3,1,1,1,1
A14,7,A34,A43,730,5,5,4,3,1,2,A122,46,3,1,2,2,1,2,1,1
A11,8,A34,A410,1164,1,5,3,3,1,4,A124,51,1,3,2,4,2,2,1,1
A12,42,A34,A49,5954,1,4,2,2,1,1,A121,41,1,2,2,2,1,1,1,1
A11,36,A32,A46,1977,5,5,4,3,1,4,A124,40,3,2,1,4,1,2,1,2
A11,12,A34,A41,1526,1,5,4,3,1,4,A124,66,3,3,2,4,1,1,1,1
A11,42,A32,A43,3965,1,2,4,3,1,3,A123,34,3,2,1,3,1,1,1,2
A12,11,A33,A43,4771,1,4,2,3,1,4,A122,51,3,2,1,3,1,1,1,1
A14,54,A30,A41,9436,5,3,2,3,1,2,A122,39,3,2,1,2,2,1,1,1
A12,30,A32,A42,3832,1,2,2,4,1,1,A122,22,3,2,1,3,1,1,1,1
A14,24,A32,A43,5943,5,2,1,2,1,1,A123,44,3,2,2,3,1,2,1,2
A14,15,A32,A43,1213,3,5,4,3,1,3,A122,47,2,2,1,3,1,2,1,1
A14,18,A32,A49,1568,2,3,3,2,1,4,A122,24,3,1,1,2,1,1,1,1
A11,24,A32,A410,1755,1,5,4,2,3,4,A121,58,3,2,1,2,1,2,1,1
A11,10,A32,A43,2315,1,5,3,3,1,4,A121,52,3,2,1,2,1,1,1,1
A14,12,A34,A49,1412,1,3,4,2,3,2,A121,29,3,2,2,4,1,2,1,1
A12,18,A34,A42,1295,1,2,4,2,1,1,A122,27,3,2,2,3,1,1,1,1
A12,36,A32,A46,12612,2,3,1,3,1,4,A124,47,3,3,1,3,2,2,1,2
A11,18,A32,A40,2249,2,4,4,3,1,3,A123,30,3,2,1,4,2,2,1,1
A11,12,A30,A45,1108,1,4,4,3,1,3,A121,28,3,2,2,3,1,1,1,2
A14,12,A34,A43,618,1,5,4,3,1,4,A121,56,3,2,1,3,1,1,1,1
A11,12,A34,A41,1409,1,5,4,3,1,3,A121,54,3,2,1,3,1,1,1,1
A14,12,A34,A43,797,5,5,4,2,1,3,A122,33,1,2,1,2,2,1,1,2
A13,24,A34,A42,3617,5,5,4,3,2,4,A124,20,3,1,2,3,1,1,1,1
A12,12,A32,A40,1318,4,5,4,3,1,4,A121,54,3,2,1,3,1,2,1,1
A12,54,A30,A49,15945,1,2,3,3,1,4,A124,58,3,1,1,3,1,2,1,2
A14,12,A34,A46,2012,5,4,4,2,1,2,A123,61,3,2,1,3,1,1,1,1
A12,18,A32,A49,2622,2,3,4,3,1,4,A123,34,3,2,1,3,1,1,1,1
A12,36,A34,A43,2337,1,5,4,3,1,4,A121,36,3,2,1,3,1,1,1,1
A12,20,A33,A41,7057,5,4,3,3,1,4,A122,36,1,1,2,4,2,2,1,1
A14,24,A32,A40,1469,2,5,4,4,1,4,A121,41,3,1,1,2,1,1,1,1
A12,36,A32,A43,2323,1,4,4,3,1,4,A123,24,3,1,1,3,1,1,1,1
A14,6,A33,A43,932,1,3,3,2,1,2,A121,24,3,2,1,3,1,1,1,1
A12,9,A34,A42,1919,1,4,4,3,1,3,A123,35,3,1,1,3,1,2,1,1
A14,12,A32,A41,2445,5,2,2,4,1,4,A123,26,3,1,1,3,1,2,1,1
A12,24,A34,A410,11938,1,3,2,3,2,3,A123,39,3,2,2,4,2,2,1,2
A14,18,A31,A40,6458,1,5,2,3,1,4,A124,39,1,2,2,4,2,2,1,2
A12,12,A32,A40,6078,1,4,2,3,1,2,A123,32,3,2,1,3,1,1,1,1
A11,24,A32,A42,7721,5,2,1,2,1,2,A122,30,3,2,1,3,1,2,2,1
A12,14,A32,A49,1410,3,5,1,4,1,2,A121,35,3,2,1,3,1,2,1,1
A12,6,A33,A49,1449,2,5,1,1,1,2,A123,31,1,2,2,3,2,1,1,1
A13,15,A32,A46,392,1,2,4,2,1,4,A122,23,3,1,1,3,1,2,1,1
A12,18,A32,A40,6260,1,4,3,3,1,3,A121,28,3,1,1,2,1,1,1,1
A14,36,A34,A40,7855,1,3,4,2,1,2,A121,25,2,2,2,3,1,2,1,2
A11,12,A32,A43,1680,3,5,3,4,1,1,A121,35,3,2,1,3,1,1,1,1
A14,48,A34,A43,3578,5,5,4,3,1,1,A121,47,3,2,1,3,1,2,1,1
A11,42,A32,A43,7174,5,4,4,2,1,3,A123,30,3,2,1,4,1,2,1,2
A11,10,A34,A42,2132,5,2,2,2,2,3,A121,27,3,1,2,3,1,1,2,1
A11,33,A34,A42,4281,3,3,1,2,1,4,A123,23,3,2,2,3,1,1,1,2
A12,12,A34,A40,2366,3,4,3,1,1,3,A123,36,3,2,1,4,1,2,1,1
A11,21,A32,A43,1835,1,3,3,2,1,2,A121,25,3,2,2,3,1,2,1,2
A14,24,A34,A41,3868,1,5,4,2,1,2,A123,41,3,1,2,4,1,2,1,1
A14,12,A32,A42,1768,1,3,3,3,1,2,A121,24,3,1,1,2,1,1,1,1
A13,10,A34,A40,781,1,5,4,3,1,4,A124,63,3,3,2,3,1,2,1,1
A12,18,A32,A42,1924,5,2,4,2,1,3,A121,27,3,1,1,3,1,1,1,2
A11,12,A34,A40,2121,1,3,4,3,1,2,A122,30,3,2,2,3,1,1,1,1
A11,12,A32,A43,701,1,3,4,4,1,2,A121,40,3,2,1,2,1,1,1,1
A12,12,A32,A45,639,1,3,4,3,1,2,A123,30,3,2,1,3,1,1,1,2
A12,12,A34,A41,1860,1,1,4,3,1,2,A123,34,3,2,2,4,1,2,1,1
A11,12,A34,A40,3499,1,3,3,2,2,2,A121,29,3,2,2,3,1,1,1,2
A12,48,A32,A40,8487,5,4,1,2,1,2,A123,24,3,2,1,3,1,1,1,1
A11,36,A33,A46,6887,1,3,4,3,1,3,A122,29,2,2,1,3,1,2,1,2
A14,15,A32,A42,2708,1,2,2,3,1,3,A122,27,1,2,2,2,1,1,1,1
A14,18,A32,A42,1984,1,3,4,3,1,4,A124,47,1,3,2,3,1,1,1,1
A14,60,A32,A43,10144,2,4,2,2,1,4,A121,21,3,2,1,3,1,2,1,1
A14,12,A34,A43,1240,5,5,4,2,1,2,A121,38,3,2,2,3,1,2,1,1
A14,27,A33,A41,8613,4,3,2,3,1,2,A123,27,3,2,2,3,1,1,1,1
A12,12,A32,A43,766,3,3,4,3,1,3,A121,66,3,2,1,2,1,1,1,2
A12,15,A34,A43,2728,5,4,4,3,3,2,A121,35,1,2,3,3,1,2,1,1
A13,12,A32,A43,1881,1,3,2,2,1,2,A123,44,3,1,1,2,1,2,1,1
A13,6,A32,A40,709,4,2,2,4,1,2,A121,27,3,2,1,1,1,1,2,1
A12,36,A32,A43,4795,1,2,4,2,1,1,A124,30,3,2,1,4,1,2,1,1
A11,27,A32,A43,3416,1,3,3,3,1,2,A123,27,3,2,1,4,1,1,1,1
A11,18,A32,A42,2462,1,3,2,3,1,2,A123,22,3,2,1,3,1,1,1,2
A14,21,A34,A42,2288,1,2,4,2,1,4,A122,23,3,2,1,3,1,2,1,1
A12,48,A31,A49,3566,2,4,4,3,1,2,A123,30,3,2,1,3,1,1,1,1
A11,6,A34,A40,860,1,5,1,2,1,4,A124,39,3,2,2,3,1,2,1,1
A14,12,A34,A40,682,2,4,4,2,1,3,A123,51,3,2,2,3,1,2,1,1
A11,36,A34,A42,5371,1,3,3,3,3,2,A122,28,3,2,2,3,1,1,1,1
A14,18,A34,A43,1582,4,5,4,3,1,4,A123,46,3,2,2,3,1,1,1,1
A14,6,A32,A43,1346,2,5,2,3,1,4,A124,42,1,3,1,3,2,2,1,1
A14,10,A32,A43,1924,1,3,1,3,1,4,A122,38,3,2,1,3,1,2,2,1
A13,36,A32,A43,5848,1,3,4,3,1,1,A123,24,3,2,1,3,1,1,1,1
A12,24,A34,A41,7758,4,5,2,2,1,4,A124,29,3,1,1,3,1,1,1,1
A12,24,A33,A49,6967,2,4,4,3,1,4,A123,36,3,1,1,4,1,2,1,1
A11,12,A32,A42,1282,1,3,2,2,1,4,A123,20,3,1,1,3,1,1,1,2
A11,9,A34,A45,1288,2,5,3,3,3,4,A121,48,3,2,2,3,2,1,2,1
A11,12,A31,A48,339,1,5,4,4,1,1,A123,45,1,2,1,2,1,1,1,1
A12,24,A32,A40,3512,2,4,2,3,1,3,A123,38,1,2,2,3,1,2,1,1
A14,6,A34,A43,1898,5,3,1,3,1,2,A121,34,3,2,2,2,2,1,1,1
A14,24,A34,A43,2872,2,5,3,3,1,4,A121,36,3,2,1,3,2,2,1,1
A14,18,A34,A40,1055,1,2,4,2,1,1,A122,30,3,2,2,3,1,1,1,1
A14,15,A32,A44,1262,3,4,4,3,1,3,A122,36,3,2,2,3,1,2,1,1
A12,10,A32,A40,7308,1,1,2,3,1,4,A124,70,1,3,1,4,1,2,1,1
A14,36,A32,A40,909,3,5,4,3,1,4,A122,36,3,2,1,3,1,1,1,1
A14,6,A32,A42,2978,3,3,1,3,1,2,A123,32,3,2,1,3,1,2,1,1
A11,18,A32,A42,1131,1,1,4,2,1,2,A123,33,3,2,1,3,1,1,1,2
A12,11,A32,A42,1577,4,2,4,2,1,1,A121,20,3,2,1,3,1,1,1,1
A14,24,A32,A42,3972,1,4,2,2,1,4,A122,25,3,1,1,3,1,2,1,1
A12,24,A34,A49,1935,1,5,4,1,1,4,A121,31,3,2,2,3,1,2,1,2
A11,15,A30,A40,950,1,5,4,3,1,3,A123,33,3,1,2,3,2,1,1,2
A14,12,A32,A42,763,1,3,4,2,1,1,A121,26,3,2,1,3,1,2,1,1
A12,24,A33,A42,2064,1,1,3,2,1,2,A122,34,3,2,1,4,1,2,1,2
A12,8,A32,A43,1414,1,3,4,3,3,2,A121,33,3,2,1,3,1,1,2,1
A11,21,A33,A46,3414,1,2,2,3,1,1,A122,26,3,2,2,3,1,1,1,2
A14,30,A31,A41,7485,5,1,4,2,1,1,A121,53,1,2,1,4,1,2,1,2
A11,12,A32,A42,2577,1,3,2,1,1,1,A123,42,3,2,1,3,1,1,1,1
A11,6,A34,A43,338,3,5,4,3,1,4,A123,52,3,2,2,3,1,1,1,1
A14,12,A32,A43,1963,1,4,4,3,1,2,A123,31,3,1,2,4,2,2,1,1
A11,21,A34,A40,571,1,5,4,3,1,4,A121,65,3,2,2,3,1,1,1,1
A14,36,A33,A49,9572,1,2,1,1,1,1,A123,28,3,2,2,3,1,1,1,2
A12,36,A33,A49,4455,1,3,2,1,1,2,A121,30,2,2,2,4,1,2,1,2
A11,21,A31,A40,1647,5,3,4,3,1,2,A122,40,3,2,2,2,2,1,1,2
A14,24,A34,A42,3777,4,3,4,3,1,4,A121,50,3,2,1,3,1,2,1,1
A12,18,A34,A40,884,1,5,4,3,1,4,A123,36,1,2,1,3,2,2,1,2
A14,15,A34,A43,1360,1,3,4,3,1,2,A122,31,3,2,2,3,1,1,1,1
A12,9,A31,A41,5129,1,5,2,2,1,4,A124,74,1,3,1,4,2,2,1,2
A12,16,A34,A40,1175,1,1,2,3,1,3,A123,68,3,3,3,1,1,2,1,1
A11,12,A32,A43,674,2,4,4,4,1,1,A122,20,3,2,1,3,1,1,1,2
A12,18,A30,A42,3244,1,3,1,2,1,4,A123,33,1,2,2,3,1,2,1,1
A14,24,A32,A49,4591,4,3,2,3,1,3,A122,54,3,2,3,4,1,2,1,2
A12,48,A30,A49,3844,2,4,4,3,1,4,A124,34,3,3,1,2,2,1,1,2
A12,27,A32,A49,3915,1,3,4,3,1,2,A123,36,3,2,1,3,2,2,1,2
A14,6,A32,A43,2108,1,4,2,4,1,2,A121,29,3,1,1,3,1,1,1,1
A12,45,A32,A43,3031,2,3,4,3,3,4,A122,21,3,1,1,3,1,1,1,2
A12,9,A34,A46,1501,1,5,2,2,1,3,A123,34,3,2,2,4,1,2,1,2
A14,6,A34,A43,1382,1,3,1,2,1,1,A123,28,3,2,2,3,1,2,1,1
A12,12,A32,A42,951,2,2,4,2,1,4,A123,27,1,1,4,3,1,1,1,2
A12,24,A32,A41,2760,5,5,4,3,1,4,A124,36,1,3,1,3,1,2,1,1
A12,18,A33,A42,4297,1,5,4,1,1,3,A124,40,3,2,1,4,1,2,1,2
A14,9,A34,A46,936,3,5,4,3,1,2,A123,52,3,2,2,3,1,2,1,1
A11,12,A32,A40,1168,1,3,4,4,1,3,A121,27,3,2,1,2,1,1,1,1
A14,27,A33,A49,5117,1,4,3,3,1,4,A123,26,3,2,2,3,1,1,1,1
A11,12,A32,A48,902,1,4,4,4,1,4,A122,21,3,1,1,3,1,1,1,2
A14,12,A34,A40,1495,1,5,4,3,1,1,A121,38,3,2,2,2,2,1,1,1
A11,30,A34,A41,10623,1,5,3,3,1,4,A124,38,3,3,3,4,2,2,1,1
A14,12,A34,A42,1935,1,5,4,3,1,4,A121,43,3,2,3,3,1,2,1,1
A12,12,A34,A44,1424,1,4,4,3,1,3,A122,26,3,2,1,3,1,1,1,1
A11,24,A32,A49,6568,1,3,2,4,1,2,A123,21,2,2,1,2,1,1,1,1
A14,12,A32,A41,1413,4,4,3,3,1,2,A122,55,3,2,1,3,1,1,2,1
A14,9,A34,A43,3074,5,3,1,3,1,2,A121,33,3,2,2,3,2,1,1,1
A14,36,A32,A43,3835,5,5,2,2,1,4,A121,45,3,2,1,2,1,2,1,1
A11,27,A30,A49,5293,1,1,2,3,1,4,A122,50,2,2,2,3,1,2,1,2
A13,30,A33,A49,1908,1,5,4,3,1,4,A121,66,3,2,1,4,1,2,1,2
A14,36,A34,A43,3342,5,5,4,3,1,2,A123,51,3,2,1,3,1,2,1,1
A12,6,A34,A48,932,5,4,1,2,1,3,A122,39,3,2,2,2,1,1,1,1
A11,18,A30,A49,3104,1,4,3,3,1,1,A122,31,1,2,1,3,1,2,1,1
A13,36,A32,A43,3913,1,3,2,3,1,2,A121,23,3,2,1,3,1,2,1,1
A11,24,A32,A42,3021,1,3,2,1,1,2,A121,24,3,1,1,2,1,1,1,1
A14,10,A32,A40,1364,1,3,2,2,1,4,A123,64,3,2,1,3,1,2,1,1
A12,12,A32,A43,625,1,2,4,4,3,1,A121,26,1,2,1,2,1,1,1,1
A11,12,A32,A46,1200,5,3,4,2,1,4,A122,23,1,1,1,3,1,2,1,1
A14,12,A32,A43,707,1,3,4,3,1,2,A121,30,1,2,2,3,1,1,1,1
A14,24,A33,A49,2978,5,3,4,3,1,4,A121,32,3,2,2,3,2,2,1,1
A14,15,A32,A41,4657,1,3,3,3,1,2,A123,30,3,2,1,3,1,2,1,1
A14,36,A30,A45,2613,1,3,4,3,1,2,A123,27,3,2,2,3,1,1,1,1
A12,48,A32,A43,10961,4,4,1,3,2,2,A124,27,1,2,2,3,1,2,1,2
A11,12,A32,A42,7865,1,5,4,3,1,4,A124,53,3,3,1,4,1,2,1,2
A14,9,A32,A43,1478,1,4,4,3,1,2,A123,22,3,2,1,3,1,1,1,2
A11,24,A32,A42,3149,1,2,4,3,1,1,A124,22,1,3,1,3,1,1,1,1
A13,36,A32,A43,4210,1,3,4,3,1,2,A123,26,3,2,1,3,1,1,1,2
A14,9,A32,A40,2507,3,5,2,3,1,4,A124,51,3,3,1,2,1,1,1,1
A14,12,A32,A43,2141,2,4,3,3,1,1,A124,35,3,2,1,3,1,1,1,1
A12,18,A32,A43,866,1,3,4,4,3,2,A121,25,3,2,1,2,1,1,1,1
A14,4,A34,A43,1544,1,4,2,3,1,1,A121,42,3,2,3,2,2,1,1,1
A11,24,A32,A43,1823,1,1,4,3,1,2,A123,30,2,2,1,4,2,1,1,2
A12,6,A32,A40,14555,5,1,1,3,1,2,A122,23,3,2,1,1,1,2,1,2
A12,21,A32,A49,2767,2,5,4,1,1,2,A123,61,1,1,2,2,1,1,1,2
A14,12,A34,A43,1291,1,3,4,2,1,2,A122,35,3,2,2,3,1,1,1,1
A11,30,A32,A43,2522,1,5,1,3,3,3,A122,39,3,2,1,3,2,1,1,1
A11,24,A32,A40,915,5,5,4,2,1,2,A123,29,1,2,1,3,1,1,1,2
A14,6,A32,A43,1595,1,4,3,3,1,2,A122,51,3,2,1,3,2,1,1,1
A11,48,A30,A41,4605,1,5,3,3,1,4,A124,24,3,3,2,3,2,1,1,2
A14,12,A34,A49,1185,1,3,3,2,1,2,A121,27,3,2,2,3,1,1,1,1
A14,12,A31,A48,3447,3,3,4,2,1,3,A121,35,3,2,1,2,2,1,1,1
A14,24,A32,A49,1258,1,4,4,3,1,1,A121,25,3,2,1,3,1,2,1,1
A14,12,A34,A43,717,1,5,4,3,1,4,A121,52,3,2,3,3,1,1,1,1
A14,6,A30,A40,1204,2,3,4,3,1,1,A124,35,1,1,1,3,1,1,2,1
A13,24,A32,A42,1925,1,3,2,3,1,2,A121,26,3,2,1,3,1,1,1,1
A14,18,A32,A43,433,1,1,3,2,2,4,A121,22,3,1,1,3,1,1,1,2
A11,6,A34,A40,666,4,4,3,2,1,4,A121,39,3,2,2,2,1,2,1,1
A13,12,A32,A42,2251,1,3,1,2,1,2,A123,46,3,2,1,2,1,1,1,1
A12,30,A32,A40,2150,1,3,4,2,3,2,A124,24,1,2,1,3,1,1,1,2
A14,24,A33,A42,4151,2,3,2,3,1,3,A122,35,3,2,2,3,1,1,1,1
A12,9,A32,A42,2030,5,4,2,3,1,1,A123,24,3,2,1,3,1,2,1,1
A12,60,A33,A43,7418,5,3,1,3,1,1,A121,27,3,2,1,2,1,1,1,1
A14,24,A34,A43,2684,1,3,4,3,1,2,A121,35,3,2,2,2,1,1,1,1
A11,12,A31,A43,2149,1,3,4,1,1,1,A124,29,3,3,1,3,1,1,1,2
A14,15,A32,A41,3812,2,2,1,2,1,4,A123,23,3,2,1,3,1,2,1,1
A14,11,A34,A43,1154,2,1,4,2,1,4,A121,57,3,2,3,2,1,1,1,1
A11,12,A32,A42,1657,1,3,2,3,1,2,A121,27,3,2,1,3,1,1,1,1
A11,24,A32,A43,1603,1,5,4,2,1,4,A123,55,3,2,1,3,1,1,1,1
A11,18,A34,A40,5302,1,5,2,3,1,4,A124,36,3,3,3,4,1,2,1,1
A14,12,A34,A46,2748,1,5,2,2,1,4,A124,57,1,3,3,2,1,1,1,1
A14,10,A34,A40,1231,1,5,3,3,1,4,A121,32,3,2,2,2,2,1,2,1
A12,15,A32,A43,802,1,5,4,3,1,3,A123,37,3,2,1,3,2,1,1,2
A14,36,A34,A49,6304,5,5,4,3,1,4,A121,36,3,2,2,3,1,1,1,1
A14,24,A32,A43,1533,1,2,4,2,1,3,A123,38,2,2,1,3,1,2,1,1
A11,14,A32,A40,8978,1,5,1,1,1,4,A122,45,3,2,1,4,1,2,2,2
A14,24,A32,A43,999,5,5,4,3,1,2,A123,25,3,2,2,3,1,1,1,1
A14,18,A32,A40,2662,5,4,4,3,1,3,A122,32,3,2,1,3,1,1,2,1
A14,12,A34,A42,1402,3,4,3,2,1,4,A123,37,3,1,1,3,1,2,1,1
A12,48,A31,A40,12169,5,1,4,3,2,4,A124,36,3,3,1,4,1,2,1,1
A12,48,A32,A43,3060,1,4,4,3,1,4,A121,28,3,2,2,3,1,1,1,2
A11,30,A32,A45,11998,1,2,1,1,1,1,A124,34,3,2,1,2,1,2,1,2
A14,9,A32,A43,2697,1,3,1,3,1,2,A121,32,3,2,1,3,2,1,1,1
A14,18,A34,A43,2404,1,3,2,2,1,2,A123,26,3,2,2,3,1,1,1,1
A11,12,A32,A42,1262,5,5,2,1,1,4,A122,49,3,2,1,2,1,2,1,1
A14,6,A32,A42,4611,1,2,1,2,1,4,A122,32,3,2,1,3,1,1,1,2
A14,24,A32,A43,1901,2,3,4,3,1,4,A123,29,3,1,1,4,1,2,1,1
A14,15,A34,A41,3368,4,5,3,3,1,4,A124,23,3,1,2,3,1,2,1,1
A14,12,A32,A42,1574,1,3,4,3,1,2,A121,50,3,2,1,3,1,1,1,1
A13,18,A31,A43,1445,5,4,4,3,1,4,A123,49,1,2,1,2,1,1,1,1
A14,15,A34,A42,1520,5,5,4,3,1,4,A122,63,3,2,1,3,1,1,1,1
A12,24,A34,A40,3878,2,2,4,1,1,2,A123,37,3,2,1,3,1,2,1,1
A11,47,A32,A40,10722,1,2,1,2,1,1,A121,35,3,2,1,2,1,2,1,1
A11,48,A32,A41,4788,1,4,4,3,1,3,A122,26,3,2,1,3,2,1,1,1
A12,48,A33,A410,7582,2,1,2,3,1,4,A124,31,3,3,1,4,1,2,1,1
A12,12,A32,A43,1092,1,3,4,2,3,4,A121,49,3,2,2,3,1,2,1,1
A11,24,A33,A43,1024,1,2,4,4,1,4,A121,48,2,2,1,3,1,1,1,2
A14,12,A32,A49,1076,1,3,2,4,1,2,A121,26,3,2,1,3,1,2,2,1
A12,36,A32,A41,9398,1,2,1,4,1,4,A123,28,3,1,1,4,1,2,1,2
A11,24,A34,A41,6419,1,5,2,2,1,4,A124,44,3,3,2,4,2,2,1,1
A13,42,A34,A41,4796,1,5,4,3,1,4,A124,56,3,3,1,3,1,1,1,1
A14,48,A34,A49,7629,5,5,4,1,1,2,A123,46,1,2,2,4,2,1,1,1
A12,48,A32,A42,9960,1,2,1,2,1,2,A123,26,3,2,1,3,1,2,1,2
A14,12,A32,A41,4675,5,2,1,2,1,4,A123,20,3,1,1,3,1,1,1,1
A14,10,A32,A40,1287,5,5,4,3,2,2,A122,45,3,2,1,2,1,1,2,1
A14,18,A32,A42,2515,1,3,3,3,1,4,A121,43,3,2,1,3,1,2,1,1
A12,21,A34,A42,2745,4,4,3,3,1,2,A123,32,3,2,2,3,1,2,1,1
A14,6,A32,A40,672,1,1,1,2,1,4,A121,54,3,2,1,1,1,2,1,1
A12,36,A30,A43,3804,1,3,4,2,1,1,A123,42,3,2,1,3,1,2,1,2
A13,24,A34,A40,1344,5,4,4,3,1,2,A121,37,1,2,2,2,2,1,1,2
A11,10,A34,A40,1038,1,4,4,3,2,3,A122,49,3,2,2,3,1,2,1,1
A14,48,A34,A40,10127,3,3,2,3,1,2,A124,44,1,3,1,3,1,1,1,2
A14,6,A32,A42,1543,4,3,4,1,1,2,A121,33,3,2,1,3,1,1,1,1
A14,30,A32,A41,4811,5,4,2,2,1,4,A122,24,2,1,1,2,1,1,1,1
A11,12,A32,A43,727,2,2,4,4,1,3,A124,33,3,2,1,2,1,2,1,2
A12,8,A32,A42,1237,1,3,3,2,1,4,A121,24,3,2,1,3,1,1,1,2
A12,9,A32,A40,276,1,3,4,4,1,4,A121,22,3,1,1,2,1,1,1,1
A12,48,A32,A410,5381,5,1,3,3,1,4,A124,40,1,3,1,1,1,2,1,1
A14,24,A32,A42,5511,2,3,4,3,1,1,A123,25,2,2,1,3,1,1,1,1
A13,24,A32,A42,3749,1,2,2,2,1,4,A123,26,3,2,1,3,1,1,1,1
A12,12,A32,A40,685,1,4,2,4,1,3,A123,25,1,2,1,2,1,1,1,2
A13,4,A32,A40,1494,5,2,1,3,1,2,A121,29,3,2,1,2,2,1,2,1
A11,36,A31,A42,2746,1,5,4,3,1,4,A123,31,1,2,1,3,1,1,1,2
A11,12,A32,A42,708,1,3,2,3,3,3,A122,38,3,2,1,2,2,1,1,1
A12,24,A32,A42,4351,5,3,1,2,1,4,A122,48,3,2,1,2,1,2,1,1
A14,12,A34,A46,701,1,3,4,3,1,2,A123,32,3,2,2,3,1,1,1,1
A11,15,A33,A42,3643,1,5,1,2,1,4,A122,27,3,2,2,2,1,1,1,1
A12,30,A34,A40,4249,1,1,4,4,1,2,A123,28,3,2,2,4,1,1,1,2
A11,24,A32,A43,1938,1,2,4,1,1,3,A122,32,3,2,1,3,1,1,1,2
A11,24,A32,A41,2910,1,4,2,3,1,1,A124,34,3,3,1,4,1,2,1,1
A11,18,A32,A42,2659,4,3,4,3,1,2,A123,28,3,2,1,3,1,1,1,1
A14,18,A34,A40,1028,1,3,4,2,1,3,A121,36,3,2,2,3,1,1,1,1
A11,8,A34,A40,3398,1,4,1,3,1,4,A121,39,3,2,2,2,1,1,2,1
A14,12,A34,A42,5801,5,5,2,3,1,4,A122,49,3,1,1,3,1,2,1,1
A14,24,A32,A40,1525,4,4,4,2,1,3,A123,34,3,2,1,3,2,2,1,1
A13,36,A32,A43,4473,1,5,4,3,1,2,A123,31,3,2,1,3,1,1,1,1
A12,6,A32,A43,1068,1,5,4,3,1,4,A123,28,3,2,1,3,2,1,1,1
A11,24,A34,A41,6615,1,1,2,3,1,4,A124,75,3,3,2,4,1,2,1,1
A14,18,A34,A46,1864,2,3,4,2,1,2,A121,30,3,2,2,3,1,1,1,2
A12,60,A32,A40,7408,2,2,4,2,1,2,A122,24,3,2,1,4,1,1,1,2
A14,48,A34,A41,11590,2,3,2,2,1,4,A123,24,1,1,2,2,1,1,1,2
A11,24,A30,A42,4110,1,5,3,3,1,4,A124,23,1,1,2,3,2,1,1,2
A11,6,A34,A42,3384,1,3,1,1,1,4,A121,44,3,1,1,4,1,2,1,2
A12,13,A32,A43,2101,1,2,2,2,3,4,A122,23,3,2,1,2,1,1,1,1
A11,15,A32,A44,1275,5,3,4,2,1,2,A123,24,3,1,1,3,1,1,1,2
A11,24,A32,A42,4169,1,3,4,3,1,4,A122,28,3,2,1,3,1,1,1,1
A12,10,A32,A42,1521,1,3,4,1,1,2,A123,31,3,2,1,2,1,1,1,1
A12,24,A34,A46,5743,1,2,2,2,1,4,A124,24,3,3,2,3,1,2,1,1
A11,21,A32,A42,3599,1,4,1,2,1,4,A123,26,3,1,1,2,1,1,1,1
A12,18,A32,A43,3213,3,2,1,4,1,3,A121,25,3,1,1,3,1,1,1,1
A12,18,A32,A49,4439,1,5,1,3,2,1,A121,33,1,2,1,4,1,2,1,1
A13,10,A32,A40,3949,1,2,1,3,3,1,A122,37,3,2,1,2,2,1,1,1
A14,15,A34,A43,1459,1,3,4,2,1,2,A123,43,3,2,1,2,1,1,1,1
A12,13,A34,A43,882,1,2,4,3,3,4,A121,23,3,2,2,3,1,1,1,1
A12,24,A32,A43,3758,3,1,1,2,1,4,A124,23,3,1,1,1,1,1,1,1
A14,6,A33,A49,1743,2,3,1,3,1,2,A121,34,3,2,2,2,1,1,1,1
A12,9,A34,A46,1136,4,5,4,3,1,3,A124,32,3,3,2,3,2,1,1,2
A14,9,A32,A44,1236,1,2,1,2,1,4,A121,23,3,1,1,3,1,2,1,1
A12,9,A32,A42,959,1,3,1,2,1,2,A123,29,3,2,1,3,1,1,2,2
A14,18,A34,A41,3229,5,1,2,3,1,4,A124,38,3,2,1,4,1,2,1,1
A11,12,A30,A43,6199,1,3,4,3,1,2,A122,28,3,1,2,3,1,2,1,2
A14,10,A32,A46,727,3,5,4,3,1,4,A124,46,3,3,1,3,1,2,1,1
A12,24,A32,A40,1246,1,2,4,3,1,2,A121,23,2,2,1,2,1,1,1,2
A14,12,A34,A43,2331,5,5,1,3,2,4,A121,49,3,2,1,3,1,2,1,1
A14,36,A33,A43,4463,1,3,4,3,1,2,A123,26,3,2,2,4,1,2,1,2
A14,12,A32,A43,776,1,3,4,4,1,2,A121,28,3,2,1,3,1,1,1,1
A11,30,A32,A42,2406,1,4,4,2,1,4,A121,23,3,1,1,3,1,1,1,2
A12,18,A32,A46,1239,5,3,4,3,1,4,A124,61,3,3,1,3,1,1,1,1
A13,12,A32,A43,3399,5,5,2,3,1,3,A123,37,3,2,1,4,1,1,1,1
A13,12,A33,A40,2247,1,3,2,2,1,2,A123,36,2,2,2,3,1,2,1,1
A14,6,A32,A42,1766,1,3,1,4,1,2,A122,21,3,1,1,3,1,1,1,1
A11,18,A32,A42,2473,1,1,4,3,1,1,A123,25,3,2,1,1,1,1,1,2
A14,12,A32,A49,1542,1,4,2,3,1,4,A123,36,3,2,1,3,1,2,1,1
A14,18,A34,A41,3850,1,4,3,3,1,1,A123,27,3,2,2,3,1,1,1,1
A11,18,A32,A42,3650,1,2,1,2,1,4,A123,22,3,1,1,3,1,1,1,1
A11,36,A32,A42,3446,1,5,4,3,1,2,A123,42,3,2,1,3,2,1,1,2
A12,18,A32,A42,3001,1,4,2,2,1,4,A121,40,3,1,1,3,1,1,1,1
A14,36,A32,A40,3079,5,3,4,3,1,4,A121,36,3,2,1,3,1,1,1,1
A14,18,A34,A43,6070,1,5,3,3,1,4,A123,33,3,2,2,3,1,2,1,1
A14,10,A34,A42,2146,1,2,1,2,1,3,A121,23,3,1,2,3,1,1,1,1
A14,60,A34,A40,13756,5,5,2,3,1,4,A124,63,1,3,1,4,1,2,1,1
A12,60,A31,A410,14782,2,5,3,2,1,4,A124,60,1,3,2,4,1,2,1,2
A11,48,A31,A49,7685,1,4,2,2,3,4,A123,37,3,1,1,3,1,1,1,2
A14,18,A33,A43,2320,1,1,2,4,1,3,A121,34,3,2,2,3,1,1,1,1
A14,7,A33,A43,846,5,5,3,3,1,4,A124,36,3,3,1,3,1,1,1,1
A12,36,A32,A40,14318,1,5,4,3,1,2,A124,57,3,3,1,4,1,2,1,2
A14,6,A34,A40,362,2,3,4,2,1,4,A123,52,3,2,2,2,1,1,1,1
A11,20,A32,A42,2212,5,4,4,3,1,4,A123,39,3,2,1,3,1,2,1,1
A12,18,A32,A41,12976,1,1,3,2,1,4,A124,38,3,3,1,4,1,2,1,2
A14,22,A32,A40,1283,5,4,4,2,1,4,A122,25,3,1,1,3,1,1,1,1
A13,12,A32,A40,1330,1,2,4,3,1,1,A121,26,3,2,1,3,1,1,1,1
A14,30,A33,A49,4272,2,3,2,3,1,2,A122,26,3,2,2,2,1,1,1,1
A14,18,A34,A43,2238,1,3,2,2,1,1,A123,25,3,2,2,3,1,1,1,1
A14,18,A32,A43,1126,5,2,4,2,1,2,A121,21,3,1,1,3,1,2,1,1
A12,18,A34,A42,7374,1,1,4,3,1,4,A122,40,2,2,2,4,1,2,1,1
A12,15,A34,A49,2326,3,3,2,3,1,4,A123,27,1,2,1,3,1,1,1,1
A14,9,A32,A49,1449,1,4,3,2,1,2,A123,27,3,2,2,3,1,1,1,1
A14,18,A32,A40,1820,1,3,2,4,1,2,A122,30,3,2,1,4,1,2,1,1
A12,12,A32,A42,983,4,2,1,2,1,4,A121,19,3,1,1,2,1,1,1,1
A11,36,A32,A40,3249,1,4,2,3,1,4,A124,39,1,3,1,4,2,2,1,1
A11,6,A34,A43,1957,1,4,1,2,1,4,A123,31,3,2,1,3,1,1,1,1
A14,9,A34,A42,2406,1,1,2,3,1,3,A123,31,3,2,1,4,1,1,1,1
A12,39,A33,A46,11760,2,4,2,3,1,3,A124,32,3,1,1,3,1,2,1,1
A11,12,A32,A42,2578,1,1,3,2,1,4,A124,55,3,3,1,4,1,1,1,1
A11,36,A34,A42,2348,1,3,3,4,1,2,A122,46,3,2,2,3,1,2,1,1
A12,12,A32,A40,1223,1,5,1,1,1,1,A121,46,3,1,2,3,1,1,1,2
A14,24,A34,A43,1516,4,3,4,2,1,1,A121,43,3,2,2,2,1,1,1,1
A14,18,A32,A43,1473,1,2,3,4,1,4,A121,39,3,2,1,3,1,2,1,1
A12,18,A34,A49,1887,5,3,4,4,1,4,A121,28,1,2,2,3,1,1,1,1
A14,24,A33,A49,8648,1,2,2,3,1,2,A123,27,1,2,2,3,1,2,1,2
A14,14,A33,A40,802,1,3,4,3,1,2,A123,27,3,2,2,2,1,1,1,1
A12,18,A33,A40,2899,5,5,4,3,1,4,A123,43,3,2,1,3,2,1,1,1
A12,24,A32,A43,2039,1,2,1,4,1,1,A122,22,3,2,1,3,1,2,1,2
A14,24,A34,A41,2197,5,4,4,3,1,4,A123,43,3,2,2,3,2,2,1,1
A11,15,A32,A43,1053,1,2,4,4,1,2,A121,27,3,2,1,3,1,1,2,1
A14,24,A32,A43,3235,3,5,3,1,1,2,A123,26,3,2,1,4,1,2,1,1
A13,12,A34,A40,939,3,4,4,4,1,2,A121,28,3,2,3,3,1,2,1,2
A12,24,A32,A43,1967,1,5,4,2,1,4,A123,20,3,2,1,3,1,2,1,1
A14,33,A34,A41,7253,1,4,3,3,1,2,A123,35,3,2,2,4,1,2,1,1
A14,12,A34,A49,2292,1,1,4,3,1,2,A123,42,2,2,2,4,1,2,1,2
A14,10,A32,A40,1597,3,3,3,3,1,2,A124,40,3,1,1,2,2,1,2,1
A11,24,A32,A40,1381,5,3,4,2,1,2,A122,35,3,2,1,3,1,1,1,2
A14,36,A34,A41,5842,1,5,2,3,1,2,A122,35,3,2,2,3,2,2,1,1
A11,12,A32,A40,2579,1,2,4,3,1,1,A121,33,3,2,1,2,2,1,1,2
A11,18,A33,A46,8471,5,3,1,2,1,2,A123,23,3,1,2,3,1,2,1,1
A14,21,A32,A40,2782,3,4,1,2,1,2,A123,31,1,2,1,4,1,1,1,1
A12,18,A32,A40,1042,5,3,4,2,1,2,A122,33,3,2,1,3,1,1,1,2
A14,15,A32,A40,3186,4,4,2,2,1,3,A123,20,3,1,1,3,1,1,1,1
A12,12,A32,A41,2028,5,3,4,3,1,2,A123,30,3,2,1,3,1,1,1,1
A12,12,A34,A40,958,1,4,2,3,1,3,A121,47,3,2,2,2,2,1,1,1
A14,21,A33,A42,1591,2,4,4,3,1,3,A121,34,3,2,2,4,1,1,1,1
A12,12,A32,A42,2762,5,5,1,2,1,2,A122,25,1,2,1,3,1,2,1,2
A12,18,A32,A41,2779,1,3,1,4,1,3,A123,21,3,1,1,3,1,2,1,1
A14,28,A34,A43,2743,1,5,4,3,1,2,A123,29,3,2,2,3,1,1,1,1
A14,18,A34,A43,1149,4,3,4,3,1,3,A121,46,3,2,2,3,1,1,1,1
A14,9,A32,A42,1313,1,5,1,3,1,4,A123,20,3,2,1,3,1,1,1,1
A11,18,A34,A45,1190,1,1,2,2,1,4,A124,55,3,3,3,1,2,1,1,2
A14,5,A32,A49,3448,1,4,1,3,1,4,A121,74,3,2,1,2,1,1,1,1
A12,24,A32,A410,11328,1,3,2,3,2,3,A123,29,1,2,2,4,1,2,1,2
A11,6,A34,A42,1872,1,1,4,3,1,4,A124,36,3,3,3,4,1,2,1,1
A14,24,A34,A45,2058,1,3,4,1,1,2,A121,33,3,2,2,3,1,2,1,1
A11,9,A32,A42,2136,1,3,3,3,1,2,A121,25,3,2,1,3,1,1,1,1
A12,12,A32,A43,1484,5,3,2,4,1,1,A121,25,3,2,1,3,1,2,1,2
A14,6,A32,A45,660,3,4,2,4,1,4,A121,23,3,1,1,2,1,1,1,1
A14,24,A34,A40,1287,4,5,4,2,1,4,A121,37,3,2,2,3,1,2,1,1
A11,42,A34,A45,3394,1,1,4,3,2,4,A123,65,3,2,2,1,1,1,1,1
A13,12,A31,A49,609,1,2,4,2,1,1,A121,26,3,2,1,1,1,1,1,2
A14,12,A32,A40,1884,1,5,4,3,1,4,A123,39,3,2,1,4,1,2,1,1
A11,12,A32,A42,1620,1,3,2,2,2,3,A122,30,3,2,1,3,1,1,1,1
A12,20,A33,A410,2629,1,3,2,3,1,3,A123,29,1,2,2,3,1,2,1,1
A14,12,A32,A46,719,1,5,4,3,1,4,A123,41,1,2,1,2,2,1,1,2
A12,48,A34,A42,5096,1,3,2,2,1,3,A123,30,3,2,1,4,1,2,1,2
A14,9,A34,A46,1244,5,5,4,2,1,4,A122,41,3,1,2,2,1,1,1,1
A11,36,A32,A40,1842,1,2,4,2,1,4,A123,34,3,2,1,3,1,2,1,2
A12,7,A32,A43,2576,1,3,2,3,3,2,A121,35,3,2,1,3,1,1,1,1
A13,12,A32,A42,1424,5,5,3,2,1,4,A121,55,3,2,1,4,1,2,1,1
A12,15,A33,A45,1512,4,3,3,4,1,3,A122,61,2,2,2,3,1,1,1,2
A14,36,A34,A41,11054,5,3,4,3,1,2,A123,30,3,2,1,4,1,2,1,1
A14,6,A32,A43,518,1,3,3,2,1,1,A121,29,3,2,1,3,1,1,1,1
A14,12,A30,A42,2759,1,5,2,3,1,4,A122,34,3,2,2,3,1,1,1,1
A14,24,A32,A41,2670,1,5,4,3,1,4,A123,35,3,2,1,4,1,2,1,1
A11,24,A32,A40,4817,1,4,2,3,2,3,A122,31,3,2,1,3,1,2,1,2
A14,24,A32,A41,2679,1,2,4,2,1,1,A124,29,3,2,1,4,1,2,1,1
A11,11,A34,A40,3905,1,3,2,3,1,2,A121,36,3,1,2,3,2,1,1,1
A11,12,A32,A41,3386,1,5,3,3,1,4,A124,35,3,3,1,3,1,2,1,2
A11,6,A32,A44,343,1,2,4,2,1,1,A121,27,3,2,1,3,1,1,1,1
A14,18,A32,A43,4594,1,2,3,3,1,2,A123,32,3,2,1,3,1,2,1,1
A11,36,A32,A42,3620,1,3,1,3,3,2,A122,37,3,2,1,3,2,1,1,1
A11,15,A32,A40,1721,1,2,2,3,1,3,A121,36,3,2,1,3,1,1,1,1
A12,12,A32,A42,3017,1,2,3,2,1,1,A121,34,3,1,1,4,1,1,1,1
A12,12,A32,A48,754,5,5,4,3,1,4,A122,38,3,2,2,3,1,1,1,1
A14,18,A32,A49,1950,1,4,4,3,1,1,A123,34,2,2,2,3,1,2,1,1
A11,24,A32,A41,2924,1,3,3,3,3,4,A124,63,1,2,1,3,2,2,1,1
A11,24,A33,A43,1659,1,2,4,2,1,2,A123,29,3,1,1,2,1,2,1,2
A14,48,A33,A43,7238,5,5,3,3,1,3,A123,32,1,2,2,3,2,1,1,1
A14,33,A33,A49,2764,1,3,2,2,1,2,A123,26,3,2,2,3,1,2,1,1
A14,24,A33,A41,4679,1,4,3,3,1,3,A123,35,3,2,2,2,1,2,1,1
A12,24,A32,A43,3092,2,2,3,4,1,2,A123,22,3,1,1,3,1,2,1,2
A11,6,A32,A46,448,1,2,4,2,1,4,A122,23,3,2,1,3,1,1,1,2
A11,9,A32,A40,654,1,3,4,3,1,3,A123,28,3,2,1,2,1,1,1,2
A14,6,A32,A48,1238,5,1,4,3,1,4,A122,36,3,2,1,4,2,2,1,1
A12,18,A34,A43,1245,1,3,4,4,1,2,A123,33,3,2,1,3,1,1,1,2
A11,18,A30,A42,3114,1,2,1,2,1,4,A122,26,3,1,1,3,1,1,1,2
A14,39,A32,A41,2569,3,3,4,3,1,4,A123,24,3,2,1,3,1,1,1,1
A13,24,A32,A43,5152,1,4,4,3,1,2,A123,25,1,2,1,3,1,1,1,1
A12,12,A32,A49,1037,2,4,3,3,1,4,A121,39,3,2,1,2,1,1,1,1
A11,15,A34,A42,1478,1,5,4,3,1,4,A123,44,3,2,2,3,2,2,1,1
A12,12,A34,A43,3573,1,3,1,2,1,1,A121,23,3,2,1,2,1,1,1,1
A12,24,A32,A40,1201,1,2,4,3,1,1,A122,26,3,2,1,3,1,1,1,1
A11,30,A32,A42,3622,4,5,4,2,1,4,A122,57,3,1,2,3,1,2,1,1
A14,15,A33,A42,960,4,4,3,2,1,2,A122,30,3,2,2,3,1,1,1,1
A14,12,A34,A40,1163,3,3,4,3,1,4,A121,44,3,2,1,3,1,2,1,1
A12,6,A33,A40,1209,1,1,4,3,1,4,A122,47,3,2,1,4,1,2,1,2
A14,12,A32,A43,3077,1,3,2,3,1,4,A123,52,3,2,1,3,1,2,1,1
A14,24,A32,A40,3757,1,5,4,2,2,4,A124,62,3,3,1,3,1,2,1,1
A14,10,A32,A40,1418,2,3,3,3,1,2,A121,35,3,1,1,2,1,1,2,1
A14,6,A32,A40,3518,1,3,2,3,3,3,A122,26,3,1,1,3,1,1,1,1
A14,12,A34,A43,1934,1,5,2,3,1,2,A124,26,3,2,2,3,1,1,1,1
A12,27,A30,A49,8318,1,5,2,2,1,4,A124,42,3,3,2,4,1,2,1,2
A14,6,A34,A43,1237,2,3,1,2,1,1,A122,27,3,2,2,3,1,1,1,1
A12,6,A32,A43,368,5,5,4,3,1,4,A122,38,3,2,1,3,1,1,1,1
A11,12,A34,A40,2122,1,3,3,3,1,2,A121,39,3,1,2,2,2,1,2,1
A11,24,A32,A42,2996,5,3,2,4,1,4,A123,20,3,2,1,3,1,1,1,2
A12,36,A32,A42,9034,2,2,4,3,2,1,A124,29,3,1,1,4,1,2,1,2
A14,24,A34,A42,1585,1,4,4,3,1,3,A122,40,3,2,2,3,1,1,1,1
A12,18,A32,A43,1301,1,5,4,4,3,2,A121,32,3,2,1,2,1,1,1,1
A13,6,A34,A40,1323,2,5,2,1,1,4,A123,28,3,2,2,3,2,2,1,1
A11,24,A32,A40,3123,1,2,4,2,1,1,A122,27,3,2,1,3,1,1,1,2
A11,36,A32,A41,5493,1,5,2,3,1,4,A124,42,3,3,1,3,2,1,1,1
A13,9,A32,A43,1126,2,5,2,1,1,4,A121,49,3,2,1,3,1,1,1,1
A12,24,A34,A43,1216,2,2,4,3,1,4,A124,38,1,2,2,3,2,1,1,2
A11,24,A32,A40,1207,1,2,4,2,1,4,A122,24,3,1,1,3,1,1,1,2
A14,10,A32,A40,1309,5,3,4,3,3,4,A122,27,3,2,1,2,1,1,1,2
A13,15,A34,A41,2360,3,3,2,3,1,2,A123,36,3,2,1,3,1,2,1,1
A12,15,A31,A40,6850,2,1,1,3,1,2,A122,34,3,2,1,4,2,2,1,2
A14,24,A32,A43,1413,1,3,4,4,1,2,A122,28,3,2,1,3,1,1,1,1
A14,39,A32,A41,8588,2,5,4,3,1,2,A123,45,3,2,1,4,1,2,1,1
A11,12,A32,A40,759,1,4,4,3,1,2,A121,26,3,2,1,3,1,1,1,2
A14,36,A32,A41,4686,1,3,2,3,1,2,A124,32,3,3,1,4,1,2,1,1
A13,15,A32,A49,2687,1,4,2,3,1,4,A122,26,3,1,1,3,1,2,1,1
A12,12,A33,A43,585,1,3,4,4,2,4,A121,20,3,1,2,3,1,1,1,1
A14,24,A32,A40,2255,5,2,4,3,1,1,A122,54,3,2,1,3,1,1,1,1
A11,6,A34,A40,609,1,4,4,2,1,3,A122,37,3,2,2,3,1,1,2,1
A11,6,A34,A40,1361,1,2,2,3,1,4,A121,40,3,2,1,2,2,1,2,1
A14,36,A34,A42,7127,1,2,2,2,1,4,A122,23,3,1,2,3,1,2,1,2
A11,6,A32,A40,1203,2,5,3,3,1,2,A122,43,3,2,1,3,1,2,1,1
A14,6,A34,A43,700,5,5,4,3,1,4,A124,36,3,3,2,3,1,1,1,1
A14,24,A34,A45,5507,1,5,3,3,1,4,A124,44,3,3,2,3,1,1,1,1
A11,18,A32,A43,3190,1,3,2,2,1,2,A121,24,3,2,1,3,1,1,1,2
A11,48,A30,A42,7119,1,3,3,3,1,4,A124,53,3,3,2,3,2,1,1,2
A14,24,A32,A41,3488,2,4,3,2,1,4,A123,23,3,2,1,3,1,1,1,1
A12,18,A32,A43,1113,1,3,4,2,3,4,A121,26,3,2,1,2,2,1,1,1
A12,26,A32,A41,7966,1,2,2,3,1,3,A123,30,3,2,2,3,1,1,1,1
A14,15,A34,A46,1532,2,3,4,2,1,3,A123,31,3,2,1,3,1,1,1,1
A14,4,A34,A43,1503,1,4,2,3,1,1,A121,42,3,2,2,2,2,1,1,1
A11,36,A32,A43,2302,1,3,4,1,1,4,A123,31,3,1,1,3,1,1,1,2
A11,6,A32,A40,662,1,2,3,3,1,4,A121,41,3,2,1,2,2,2,1,1
A12,36,A32,A46,2273,1,4,3,3,1,1,A123,32,3,2,2,3,2,1,1,1
A12,15,A32,A40,2631,2,3,2,2,1,4,A123,28,3,1,2,3,1,2,1,2
A14,12,A33,A41,1503,1,3,4,4,1,4,A121,41,3,1,1,3,1,1,1,1
A14,24,A32,A43,1311,2,4,4,4,1,3,A122,26,3,2,1,3,1,2,1,1
A14,24,A32,A43,3105,5,2,4,3,1,2,A123,25,3,2,2,3,1,1,1,1
A13,21,A34,A46,2319,1,2,2,1,1,1,A123,33,3,1,1,3,1,1,1,2
A11,6,A32,A40,1374,5,1,4,2,1,3,A122,75,3,2,1,4,1,2,1,1
A12,18,A34,A42,3612,1,5,3,2,1,4,A122,37,3,2,1,3,1,2,1,1
A11,48,A32,A40,7763,1,5,4,3,1,4,A124,42,1,3,1,4,1,1,1,2
A13,18,A32,A42,3049,1,2,1,2,1,1,A122,45,2,2,1,2,1,1,1,1
A12,12,A32,A43,1534,1,2,1,4,1,1,A121,23,3,1,1,3,1,1,1,2
A14,24,A33,A40,2032,1,5,4,3,1,4,A124,60,3,3,2,3,1,2,1,1
A11,30,A32,A42,6350,5,5,4,3,1,4,A122,31,3,2,1,3,1,1,1,2
A13,18,A32,A42,2864,1,3,2,3,1,1,A121,34,3,2,1,2,2,1,1,2
A14,12,A34,A40,1255,1,5,4,3,1,4,A121,61,3,2,2,2,1,1,1,1
A11,24,A33,A40,1333,1,1,4,3,1,2,A121,43,3,3,2,3,2,1,1,2
A14,24,A34,A40,2022,1,3,4,2,1,4,A123,37,3,2,1,3,1,2,1,1
A14,24,A32,A43,1552,1,4,3,3,1,1,A123,32,1,2,1,3,2,1,1,1
A11,12,A31,A43,626,1,3,4,2,1,4,A121,24,1,2,1,2,1,1,1,2
A14,48,A34,A41,8858,5,4,2,3,1,1,A124,35,3,3,2,3,1,2,1,1
A14,12,A34,A45,996,5,4,4,2,1,4,A121,23,3,2,2,3,1,1,1,1
A14,6,A31,A43,1750,3,5,2,3,1,4,A122,45,1,2,1,2,2,1,1,1
A11,48,A32,A43,6999,1,4,1,4,3,1,A121,34,3,2,2,3,1,2,1,2
A12,12,A34,A40,1995,2,2,4,3,1,1,A123,27,3,2,1,3,1,1,1,1
A12,9,A32,A46,1199,1,4,4,2,1,4,A122,67,3,2,2,4,1,2,1,1
A12,12,A32,A43,1331,1,2,2,3,1,1,A123,22,2,2,1,3,1,1,1,2
A12,18,A30,A40,2278,2,2,3,2,1,3,A123,28,3,2,2,3,1,1,1,2
A14,21,A30,A40,5003,5,3,1,2,1,4,A122,29,1,2,2,3,1,2,1,2
A11,24,A31,A42,3552,1,4,3,3,1,4,A123,27,1,2,1,3,1,1,1,2
A12,18,A34,A42,1928,1,2,2,3,1,2,A121,31,3,2,2,2,1,1,1,2
A11,24,A32,A41,2964,5,5,4,3,1,4,A124,49,1,3,1,3,2,2,1,1
A11,24,A31,A43,1546,1,4,4,3,3,4,A123,24,1,1,1,2,1,1,1,2
A13,6,A33,A43,683,1,2,2,2,1,1,A122,29,1,2,1,3,1,1,1,1
A12,36,A32,A40,12389,5,3,1,3,1,4,A124,37,3,3,1,3,1,2,1,2
A12,24,A33,A49,4712,5,3,4,3,1,2,A122,37,1,2,2,4,1,2,1,1
A12,24,A33,A43,1553,2,4,3,2,1,2,A122,23,3,1,2,3,1,2,1,1
A11,12,A32,A40,1372,1,4,2,1,1,3,A123,36,3,2,1,3,1,1,1,2
A14,24,A34,A43,2578,4,5,2,3,1,2,A123,34,3,2,1,3,1,1,1,1
A12,48,A32,A43,3979,5,4,4,3,1,1,A123,41,3,2,2,3,2,2,1,1
A11,48,A32,A43,6758,1,3,3,2,1,2,A123,31,3,2,1,3,1,2,1,2
A11,24,A32,A42,3234,1,2,4,2,1,4,A121,23,3,1,1,2,1,2,1,2
A14,30,A34,A43,5954,1,4,3,3,2,2,A123,38,3,2,1,3,1,1,1,1
A14,24,A32,A41,5433,5,1,2,2,1,4,A122,26,3,1,1,4,1,2,1,1
A11,15,A32,A49,806,1,3,4,2,1,4,A122,22,3,2,1,2,1,1,1,1
A12,9,A32,A43,1082,1,5,4,3,1,4,A123,27,3,2,2,2,1,1,1,1
A14,15,A34,A42,2788,1,4,2,2,2,3,A123,24,1,2,2,3,1,1,1,1
A12,12,A32,A43,2930,1,4,2,2,1,1,A121,27,3,2,1,3,1,1,1,1
A14,24,A34,A46,1927,5,3,3,2,1,2,A123,33,3,2,2,3,1,2,1,1
A12,36,A34,A40,2820,1,2,4,1,1,4,A123,27,3,2,2,3,1,1,1,2
A14,24,A32,A48,937,1,2,4,4,1,3,A123,27,3,2,2,2,1,1,1,1
A12,18,A34,A40,1056,1,5,3,3,3,3,A121,30,1,2,2,3,1,1,1,2
A12,12,A34,A40,3124,1,2,1,3,1,3,A121,49,1,2,2,2,2,1,1,1
A14,9,A32,A42,1388,1,3,4,2,1,2,A121,26,3,1,1,3,1,1,1,1
A12,36,A32,A45,2384,1,2,4,3,1,1,A124,33,3,1,1,2,1,1,1,2
A14,12,A32,A40,2133,5,5,4,2,1,4,A124,52,3,3,1,4,1,2,1,1
A11,18,A32,A42,2039,1,3,1,2,1,4,A121,20,1,1,1,3,1,1,1,2
A11,9,A34,A40,2799,1,3,2,3,1,2,A121,36,3,1,2,3,2,1,1,1
A11,12,A32,A42,1289,1,3,4,3,3,1,A122,21,3,2,1,2,1,1,1,1
A11,18,A32,A44,1217,1,3,4,4,1,3,A121,47,3,2,1,2,1,2,1,2
A11,12,A34,A42,2246,1,5,3,3,1,3,A122,60,3,2,2,3,1,1,1,2
A11,12,A34,A43,385,1,4,4,2,1,3,A121,58,3,2,4,2,1,2,1,1
A12,24,A33,A40,1965,5,3,4,2,1,4,A123,42,3,1,2,3,1,2,1,1
A14,21,A32,A49,1572,4,5,4,2,1,4,A121,36,1,2,1,2,1,1,1,1
A12,24,A32,A40,2718,1,3,3,2,1,4,A122,20,3,1,1,2,1,2,1,2
A11,24,A31,A410,1358,5,5,4,3,1,3,A123,40,2,2,1,4,1,2,1,2
A12,6,A31,A40,931,2,2,1,2,1,1,A122,32,2,2,1,2,1,1,1,2
A11,24,A32,A40,1442,1,4,4,2,1,4,A123,23,3,1,2,3,1,1,1,2
A12,24,A30,A49,4241,1,3,1,3,1,4,A121,36,3,2,3,2,1,2,1,2
A14,18,A34,A40,2775,1,4,2,3,1,2,A122,31,1,2,2,3,1,1,1,2
A14,24,A33,A49,3863,1,3,1,3,1,2,A124,32,3,3,1,3,1,1,1,1
A12,7,A32,A43,2329,1,2,1,2,3,1,A121,45,3,2,1,3,1,1,1,1
A12,9,A32,A42,918,1,3,4,2,1,1,A122,30,3,2,1,3,1,1,1,2
A12,24,A31,A46,1837,1,4,4,2,1,4,A124,34,1,3,1,2,1,1,1,2
A14,36,A32,A42,3349,1,3,4,2,1,2,A123,28,3,2,1,4,1,2,1,2
A13,10,A32,A42,1275,1,2,4,2,1,2,A122,23,3,2,1,3,1,1,1,1
A11,24,A31,A42,2828,3,3,4,3,1,4,A121,22,2,2,1,3,1,2,1,1
A14,24,A34,A49,4526,1,3,3,3,1,2,A121,74,3,2,1,4,1,2,1,1
A12,36,A32,A43,2671,2,3,4,2,2,4,A124,50,3,3,1,3,1,1,1,2
A14,18,A32,A43,2051,1,2,4,3,1,1,A121,33,3,2,1,3,1,1,1,1
A14,15,A32,A41,1300,5,5,4,3,1,4,A124,45,1,3,1,3,2,1,1,1
A11,12,A32,A44,741,2,1,4,2,1,3,A122,22,3,2,1,3,1,1,1,2
A13,10,A32,A40,1240,2,5,1,2,1,4,A124,48,3,3,1,2,2,1,1,2
A11,21,A32,A43,3357,4,2,4,2,1,2,A123,29,1,2,1,3,1,1,1,1
A11,24,A31,A41,3632,1,3,1,2,3,4,A123,22,1,1,1,3,1,1,2,1
A14,18,A33,A42,1808,1,4,4,2,1,1,A121,22,3,2,1,3,1,1,1,2
A12,48,A30,A49,12204,5,3,2,3,1,2,A123,48,1,2,1,4,1,2,1,1
A12,60,A33,A43,9157,5,3,2,3,1,2,A124,27,3,3,1,4,1,1,1,1
A11,6,A34,A40,3676,1,3,1,3,1,3,A121,37,3,1,3,3,2,1,1,1
A12,30,A32,A42,3441,2,3,2,2,2,4,A123,21,3,1,1,3,1,1,1,2
A14,12,A32,A40,640,1,3,4,1,1,2,A121,49,3,2,1,2,1,1,1,1
A12,21,A34,A49,3652,1,4,2,3,1,3,A122,27,3,2,2,3,1,1,1,1
A14,18,A34,A40,1530,1,3,3,3,1,2,A122,32,1,2,2,3,1,1,1,2
A14,48,A32,A49,3914,5,3,4,1,1,2,A121,38,1,2,1,3,1,1,1,2
A11,12,A32,A42,1858,1,2,4,2,1,1,A123,22,3,1,1,3,1,1,1,1
A11,18,A32,A43,2600,1,3,4,3,1,4,A124,65,3,3,2,3,1,1,1,2
A14,15,A32,A43,1979,5,5,4,3,1,2,A123,35,3,2,1,3,1,1,1,1
A13,6,A32,A42,2116,1,3,2,3,1,2,A121,41,3,2,1,3,1,2,1,1
A12,9,A31,A40,1437,2,4,2,3,1,3,A124,29,3,2,1,3,1,1,1,2
A14,42,A34,A42,4042,3,3,4,3,1,4,A121,36,3,2,2,3,1,2,1,1
A14,9,A32,A46,3832,5,5,1,3,1,4,A121,64,3,2,1,2,1,1,1,1
A11,24,A32,A43,3660,1,3,2,2,1,4,A123,28,3,2,1,3,1,1,1,1
A11,18,A31,A42,1553,1,3,4,3,1,3,A123,44,1,2,1,3,1,1,1,2
A12,15,A32,A43,1444,5,2,4,3,1,1,A122,23,3,2,1,3,1,1,1,1
A14,9,A32,A42,1980,1,2,2,2,2,2,A123,19,3,1,2,3,1,1,1,2
A12,24,A32,A40,1355,1,2,3,2,1,4,A123,25,3,2,1,2,1,2,1,2
A14,12,A32,A46,1393,1,5,4,3,1,4,A122,47,1,2,3,3,2,2,1,1
A14,24,A32,A43,1376,3,4,4,2,1,1,A123,28,3,2,1,3,1,1,1,1
A14,60,A33,A43,15653,1,4,2,3,1,4,A123,21,3,2,2,3,1,2,1,1
A14,12,A32,A43,1493,1,2,4,2,1,3,A123,34,3,2,1,3,2,1,1,1
A11,42,A33,A43,4370,1,4,3,3,1,2,A122,26,1,2,2,3,2,2,1,2
A11,18,A32,A46,750,1,1,4,2,1,1,A121,27,3,2,1,1,1,1,1,2
A12,15,A32,A45,1308,1,5,4,3,1,4,A123,38,3,2,2,2,1,1,1,1
A14,15,A32,A46,4623,2,3,3,3,1,2,A122,40,3,2,1,4,1,2,1,2
A14,24,A34,A43,1851,1,4,4,4,3,2,A123,33,3,2,2,3,1,2,1,1
A11,18,A34,A43,1880,1,4,4,4,1,1,A122,32,3,2,2,4,1,2,1,1
A14,36,A33,A49,7980,5,2,4,3,1,4,A123,27,3,1,2,3,1,2,1,2
A11,30,A30,A42,4583,1,3,2,1,3,2,A121,32,3,2,2,3,1,1,1,1
A14,12,A32,A40,1386,3,3,2,2,1,2,A122,26,3,2,1,3,1,1,1,2
A13,24,A32,A40,947,1,4,4,3,1,3,A124,38,1,3,1,3,2,1,1,2
A11,12,A32,A46,684,1,3,4,3,1,4,A123,40,3,1,1,2,2,1,1,2
A11,48,A32,A46,7476,1,4,4,3,1,1,A124,50,3,3,1,4,1,2,1,1
A12,12,A32,A42,1922,1,3,4,3,1,2,A122,37,3,2,1,2,1,1,1,2
A11,24,A32,A40,2303,1,5,4,3,2,1,A121,45,3,2,1,3,1,1,1,2
A12,36,A33,A40,8086,2,5,2,3,1,4,A123,42,3,2,4,4,1,2,1,2
A14,24,A34,A41,2346,1,4,4,3,1,3,A123,35,3,2,2,3,1,2,1,1
A11,14,A32,A40,3973,1,1,1,3,1,4,A124,22,3,3,1,3,1,1,1,1
A12,12,A32,A40,888,1,5,4,3,1,4,A123,41,1,2,1,2,2,1,1,2
A14,48,A32,A43,10222,5,4,4,3,1,3,A123,37,2,2,1,3,1,2,1,1
A12,30,A30,A49,4221,1,3,2,2,1,1,A123,28,3,2,2,3,1,1,1,1
A12,18,A34,A42,6361,1,5,2,3,1,1,A124,41,3,2,1,3,1,2,1,1
A13,12,A32,A43,1297,1,3,3,4,1,4,A121,23,3,1,1,3,1,1,1,1
A11,12,A32,A40,900,5,3,4,4,1,2,A123,23,3,2,1,3,1,1,1,2
A14,21,A32,A42,2241,1,5,4,3,1,2,A121,50,3,2,2,3,1,1,1,1
A12,6,A33,A42,1050,1,1,4,3,1,1,A122,35,2,2,2,4,1,2,1,1
A13,6,A34,A46,1047,1,3,2,2,1,4,A122,50,3,2,1,2,1,1,1,1
A14,24,A34,A410,6314,1,1,4,3,2,2,A124,27,1,2,2,4,1,2,1,1
A12,30,A31,A42,3496,4,3,4,3,1,2,A123,34,2,2,1,3,2,2,1,1
A14,48,A31,A49,3609,1,3,1,2,1,1,A121,27,2,2,1,3,1,1,1,1
A11,12,A34,A40,4843,1,5,3,3,2,4,A122,43,3,1,2,3,1,2,1,2
A13,30,A34,A43,3017,1,5,4,3,1,4,A122,47,3,2,1,3,1,1,1,1
A14,24,A34,A49,4139,2,3,3,3,1,3,A122,27,3,2,2,2,1,2,1,1
A14,36,A32,A49,5742,2,4,2,3,1,2,A123,31,3,2,2,3,1,2,1,1
A14,60,A32,A40,10366,1,5,2,3,1,4,A122,42,3,2,1,4,1,2,1,1
A14,6,A34,A40,2080,3,3,1,4,1,2,A123,24,3,2,1,3,1,1,1,1
A14,21,A33,A49,2580,3,2,4,3,1,2,A121,41,1,2,1,2,2,1,1,2
A14,30,A34,A43,4530,1,4,4,2,1,4,A123,26,3,1,1,4,1,2,1,1
A14,24,A34,A42,5150,1,5,4,3,1,4,A123,33,3,2,1,3,1,2,1,1
A12,72,A32,A43,5595,2,3,2,4,1,2,A123,24,3,2,1,3,1,1,1,2
A11,24,A32,A43,2384,1,5,4,3,1,4,A121,64,1,1,1,2,1,1,1,1
A14,18,A32,A43,1453,1,2,3,2,1,1,A121,26,3,2,1,3,1,1,1,1
A14,6,A32,A46,1538,1,2,1,2,1,2,A124,56,3,2,1,3,1,1,1,1
A14,12,A32,A43,2279,5,3,4,3,1,4,A124,37,3,3,1,3,1,2,1,1
A14,15,A33,A43,1478,1,3,4,4,1,3,A121,33,1,2,2,3,1,1,1,1
A14,24,A34,A43,5103,1,2,3,4,1,3,A124,47,3,3,3,3,1,2,1,1
A12,36,A33,A49,9857,2,4,1,3,1,3,A122,31,3,2,2,2,2,2,1,1
A14,60,A32,A40,6527,5,3,4,3,1,4,A124,34,3,3,1,3,2,2,1,1
A13,10,A34,A43,1347,5,4,4,3,1,2,A122,27,3,2,2,3,1,2,1,1
A12,36,A33,A40,2862,2,5,4,3,1,3,A124,30,3,3,1,3,1,1,1,1
A14,9,A32,A43,2753,2,5,3,3,2,4,A123,35,3,2,1,3,1,2,1,1
A11,12,A32,A40,3651,4,3,1,3,1,3,A122,31,3,2,1,3,2,1,1,1
A11,15,A34,A42,975,1,3,2,1,1,3,A122,25,3,2,2,3,1,1,1,1
A12,15,A32,A45,2631,2,3,3,2,1,2,A121,25,3,2,1,2,1,1,1,1
A12,24,A32,A43,2896,2,2,2,3,1,1,A123,29,3,2,1,3,1,1,1,1
A11,6,A34,A40,4716,5,2,1,3,1,3,A121,44,3,2,2,2,2,1,1,1
A14,24,A32,A43,2284,1,4,4,3,1,2,A123,28,3,2,1,3,1,2,1,1
A14,6,A32,A41,1236,3,3,2,3,1,4,A122,50,3,1,1,3,1,1,1,1
A12,12,A32,A43,1103,1,4,4,3,3,3,A121,29,3,2,2,3,1,1,2,1
A14,12,A34,A40,926,1,1,1,2,1,2,A122,38,3,2,1,1,1,1,1,1
A14,18,A34,A43,1800,1,3,4,3,1,2,A123,24,3,2,2,3,1,1,1,1
A13,15,A32,A46,1905,1,5,4,3,1,4,A123,40,3,1,1,4,1,2,1,1
A14,12,A32,A42,1123,3,3,4,2,1,4,A123,29,3,1,1,2,1,1,1,2
A11,48,A34,A41,6331,1,5,4,3,1,4,A124,46,3,3,2,3,1,2,1,2
A13,24,A32,A43,1377,2,5,4,2,1,2,A124,47,3,3,1,3,1,2,1,1
A12,30,A33,A49,2503,2,5,4,3,1,2,A122,41,2,2,2,3,1,1,1,1
A12,27,A32,A49,2528,1,2,4,2,1,1,A122,32,3,2,1,3,2,2,1,1
A14,15,A32,A40,5324,3,5,1,2,1,4,A124,35,3,3,1,3,1,1,1,1
A12,48,A32,A40,6560,2,4,3,3,1,2,A122,24,3,2,1,3,1,1,1,2
A12,12,A30,A42,2969,1,2,4,2,1,3,A122,25,3,1,2,3,1,1,1,2
A12,9,A32,A43,1206,1,5,4,2,1,4,A121,25,3,2,1,3,1,1,1,1
A12,9,A32,A43,2118,1,3,2,3,1,2,A121,37,3,2,1,2,2,1,1,1
A14,18,A34,A43,629,3,5,4,3,1,3,A122,32,1,2,2,4,1,2,1,1
A11,6,A31,A46,1198,1,5,4,2,1,4,A124,35,3,3,1,3,1,1,1,2
A14,21,A32,A41,2476,5,5,4,3,1,4,A121,46,3,2,1,4,1,2,1,1
A11,9,A34,A43,1138,1,3,4,3,1,4,A121,25,3,2,2,2,1,1,1,1
A12,60,A32,A40,14027,1,4,4,3,1,2,A124,27,3,2,1,4,1,2,1,2
A14,30,A34,A41,7596,5,5,1,3,1,4,A123,63,3,2,2,3,1,1,1,1
A14,30,A34,A43,3077,5,5,3,3,1,2,A123,40,3,2,2,3,2,2,1,1
A14,18,A32,A43,1505,1,3,4,3,1,2,A124,32,3,3,1,4,1,2,1,1
A13,24,A34,A43,3148,5,3,3,3,1,2,A123,31,3,2,2,3,1,2,1,1
A12,20,A30,A41,6148,2,5,3,4,1,4,A123,31,1,2,2,3,1,2,1,1
A13,9,A30,A43,1337,1,2,4,3,1,2,A123,34,3,2,2,4,1,2,1,2
A12,6,A31,A46,433,4,2,4,2,1,2,A122,24,1,1,1,3,2,1,1,2
A11,12,A32,A40,1228,1,3,4,2,1,2,A121,24,3,2,1,2,1,1,1,2
A12,9,A32,A43,790,3,3,4,2,1,3,A121,66,3,2,1,2,1,1,1,1
A14,27,A32,A40,2570,1,3,3,2,1,3,A121,21,3,1,1,3,1,1,1,2
A14,6,A34,A40,250,4,3,2,2,1,2,A121,41,1,2,2,2,1,1,1,1
A14,15,A34,A43,1316,3,3,2,4,1,2,A122,47,3,2,2,2,1,1,1,1
A11,18,A32,A43,1882,1,3,4,2,1,4,A123,25,1,1,2,3,1,1,1,2
A12,48,A31,A49,6416,1,5,4,2,1,3,A124,59,3,1,1,3,1,1,1,2
A13,24,A34,A49,1275,4,3,2,1,1,4,A121,36,3,2,2,3,1,2,1,1
A12,24,A33,A43,6403,1,2,1,3,1,2,A123,33,3,2,1,3,1,1,1,1
A11,24,A32,A43,1987,1,3,2,3,1,4,A121,21,3,1,1,2,2,1,1,2
A12,8,A32,A43,760,1,4,4,2,3,2,A121,44,3,2,1,2,1,1,1,1
A14,24,A32,A41,2603,4,3,2,2,1,4,A123,28,3,1,1,3,1,2,1,1
A14,4,A34,A40,3380,1,4,1,2,1,1,A121,37,3,2,1,3,2,1,1,1
A12,36,A31,A44,3990,5,2,3,2,1,2,A124,29,1,2,1,1,1,1,1,1
A12,24,A32,A41,11560,1,3,1,2,1,4,A123,23,3,1,2,4,1,1,1,2
A11,18,A32,A40,4380,2,3,3,3,1,4,A123,35,3,2,1,2,2,2,1,1
A14,6,A34,A40,6761,1,4,1,3,1,3,A124,45,3,2,2,4,2,2,1,1
A12,30,A30,A49,4280,2,3,4,2,1,4,A123,26,3,1,2,2,1,1,1,2
A11,24,A31,A40,2325,2,4,2,3,1,3,A123,32,1,2,1,3,1,1,1,1
A12,10,A31,A43,1048,1,3,4,3,1,4,A121,23,2,2,1,2,1,1,1,1
A14,21,A32,A43,3160,5,5,4,3,1,3,A122,41,3,2,1,3,1,2,1,1
A11,24,A31,A42,2483,3,3,4,3,1,4,A121,22,2,2,1,3,1,2,1,1
A11,39,A34,A42,14179,5,4,4,3,1,4,A122,30,3,2,2,4,1,2,1,1
A11,13,A34,A49,1797,1,2,3,3,1,1,A122,28,1,2,2,2,1,1,1,1
A11,15,A32,A40,2511,1,1,1,2,1,4,A123,23,3,1,1,3,1,1,1,1
A11,12,A32,A40,1274,1,2,3,2,1,1,A121,37,3,2,1,2,1,1,1,2
A14,21,A32,A41,5248,5,3,1,3,1,3,A123,26,3,2,1,3,1,1,1,1
A14,15,A32,A41,3029,1,4,2,3,1,2,A123,33,3,2,1,3,1,1,1,1
A11,6,A32,A42,428,1,5,2,2,1,1,A122,49,1,2,1,3,1,2,1,1
A11,18,A32,A40,976,1,2,1,2,1,2,A123,23,3,2,1,2,1,1,1,2
A12,12,A32,A49,841,2,4,2,2,1,4,A121,23,3,1,1,2,1,1,1,1
A14,30,A34,A43,5771,1,4,4,2,1,2,A123,25,3,2,2,3,1,1,1,1
A14,12,A33,A45,1555,4,5,4,3,1,4,A124,55,3,3,2,3,2,1,1,2
A11,24,A32,A40,1285,5,4,4,2,1,4,A124,32,3,1,1,3,1,1,1,2
A13,6,A34,A40,1299,1,3,1,3,1,1,A121,74,3,2,3,1,2,1,2,1
A13,15,A34,A43,1271,5,3,3,3,1,4,A124,39,3,3,2,3,1,2,1,2
A14,24,A32,A40,1393,1,3,2,3,3,2,A121,31,3,2,1,3,1,2,1,1
A11,12,A34,A40,691,1,5,4,3,1,3,A122,35,3,2,2,3,1,1,1,2
A14,15,A34,A40,5045,5,5,1,2,1,4,A123,59,3,2,1,3,1,2,1,1
A11,18,A34,A42,2124,1,3,4,2,1,4,A121,24,3,1,2,3,1,1,1,2
A11,12,A32,A43,2214,1,3,4,3,1,3,A122,24,3,2,1,2,1,1,1,1
A14,21,A34,A40,12680,5,5,4,3,1,4,A124,30,3,3,1,4,1,2,1,2
A14,24,A34,A40,2463,2,4,4,4,1,3,A122,27,3,2,2,3,1,2,1,1
A12,12,A32,A43,1155,1,5,3,4,3,3,A121,40,1,2,2,2,1,1,1,1
A11,30,A32,A42,3108,1,2,2,1,1,4,A122,31,3,2,1,2,1,1,1,2
A14,10,A32,A41,2901,5,2,1,2,1,4,A121,31,3,1,1,3,1,1,1,1
A12,12,A34,A42,3617,1,5,1,3,1,4,A123,28,3,1,3,3,1,2,1,1
A14,12,A34,A43,1655,1,5,2,3,1,4,A121,63,3,2,2,2,1,2,1,1
A11,24,A32,A41,2812,5,5,2,2,1,4,A121,26,3,1,1,3,1,1,1,1
A11,36,A34,A46,8065,1,3,3,2,1,2,A124,25,3,2,2,4,1,2,1,2
A14,21,A34,A41,3275,1,5,1,3,1,4,A123,36,3,2,1,4,1,2,1,1
A14,24,A34,A43,2223,2,5,4,3,1,4,A122,52,1,2,2,3,1,1,1,1
A13,12,A34,A40,1480,3,1,2,3,1,4,A124,66,1,3,3,1,1,1,1,1
A11,24,A32,A40,1371,5,3,4,2,1,4,A121,25,3,1,1,3,1,1,1,2
A14,36,A34,A40,3535,1,4,4,3,1,4,A123,37,3,2,2,3,1,2,1,1
A11,18,A32,A43,3509,1,4,4,2,3,1,A121,25,3,2,1,3,1,1,1,1
A14,36,A34,A41,5711,4,5,4,3,1,2,A123,38,3,2,2,4,1,2,1,1
A12,18,A32,A45,3872,1,1,2,2,1,4,A123,67,3,2,1,3,1,2,1,1
A12,39,A34,A43,4933,1,4,2,3,3,2,A121,25,3,2,2,3,1,1,1,2
A14,24,A34,A40,1940,4,5,4,3,1,4,A121,60,3,2,1,3,1,2,1,1
A12,12,A30,A48,1410,1,3,2,3,1,2,A121,31,3,2,1,2,1,2,1,1
A12,12,A32,A40,836,2,2,4,2,1,2,A122,23,1,2,1,2,1,1,1,2
A12,20,A32,A41,6468,5,1,1,1,1,4,A121,60,3,2,1,4,1,2,1,1
A12,18,A32,A49,1941,4,3,4,3,1,2,A122,35,3,2,1,2,1,2,1,1
A14,22,A32,A43,2675,3,5,3,3,1,4,A123,40,3,2,1,3,1,1,1,1
A14,48,A34,A41,2751,5,5,4,3,1,3,A123,38,3,2,2,3,2,2,1,1
A12,48,A33,A46,6224,1,5,4,3,1,4,A124,50,3,3,1,3,1,1,1,2
A11,40,A34,A46,5998,1,3,4,3,1,3,A124,27,1,2,1,3,1,2,1,2
A12,21,A32,A49,1188,1,5,2,2,1,4,A122,39,3,2,1,3,2,1,1,2
A14,24,A32,A41,6313,5,5,3,3,1,4,A123,41,3,2,1,4,2,2,1,1
A14,6,A34,A42,1221,5,3,1,4,1,2,A122,27,3,2,2,3,1,1,1,1
A13,24,A32,A42,2892,1,5,3,1,1,4,A124,51,3,3,1,3,1,1,1,1
A14,24,A32,A42,3062,3,5,4,3,1,3,A124,32,3,1,1,3,1,2,1,1
A14,9,A32,A42,2301,2,2,2,2,1,4,A122,22,3,1,1,3,1,1,1,1
A11,18,A32,A41,7511,5,5,1,3,1,4,A122,51,3,3,1,3,2,2,1,2
A14,12,A34,A42,1258,1,2,2,2,1,4,A122,22,3,1,2,2,1,1,1,1
A14,24,A33,A40,717,5,5,4,4,1,4,A123,54,3,2,2,3,1,2,1,1
A12,9,A32,A40,1549,5,2,4,3,1,2,A121,35,3,2,1,1,1,1,1,1
A14,24,A34,A46,1597,1,5,4,3,1,4,A124,54,3,3,2,3,2,1,1,1
A12,18,A34,A43,1795,1,5,3,2,3,4,A121,48,1,1,2,2,1,2,1,1
A11,20,A34,A42,4272,1,5,1,2,1,4,A122,24,3,2,2,3,1,1,1,1
A14,12,A34,A43,976,5,5,4,3,1,4,A123,35,3,2,2,3,1,1,1,1
A12,12,A32,A40,7472,5,1,1,2,1,2,A121,24,3,1,1,1,1,1,1,1
A11,36,A32,A40,9271,1,4,2,3,1,1,A123,24,3,2,1,3,1,2,1,2
A12,6,A32,A43,590,1,2,3,4,1,3,A121,26,3,2,1,2,1,1,2,1
A14,12,A34,A43,930,5,5,4,3,1,4,A121,65,3,2,4,3,1,1,1,1
A12,42,A31,A41,9283,1,1,1,3,1,2,A124,55,1,3,1,4,1,2,1,1
A12,15,A30,A40,1778,1,2,2,2,1,1,A121,26,3,1,2,1,1,1,1,2
A12,8,A32,A49,907,1,2,3,4,1,2,A121,26,3,2,1,3,1,2,1,1
A12,6,A32,A43,484,1,4,3,4,3,3,A121,28,1,2,1,2,1,1,1,1
A11,36,A34,A41,9629,1,4,4,3,1,4,A123,24,3,2,2,3,1,2,1,2
A11,48,A32,A44,3051,1,3,3,3,1,4,A123,54,3,2,1,3,1,1,1,2
A11,48,A32,A40,3931,1,4,4,3,1,4,A124,46,3,3,1,3,2,1,1,2
A12,36,A33,A40,7432,1,3,2,2,1,2,A122,54,3,1,1,3,1,1,1,1
A14,6,A32,A44,1338,3,3,1,1,1,4,A121,62,3,2,1,3,1,1,1,1
A14,6,A34,A43,1554,1,4,1,2,1,2,A123,24,3,1,2,3,1,2,1,1
A11,36,A32,A410,15857,1,1,2,1,2,3,A123,43,3,2,1,4,1,1,1,1
A11,18,A32,A43,1345,1,3,4,4,1,3,A121,26,1,2,1,3,1,1,1,2
A14,12,A32,A40,1101,1,3,3,4,1,2,A121,27,3,2,2,3,1,2,1,1
A13,12,A32,A43,3016,1,3,3,4,1,1,A123,24,3,2,1,3,1,1,1,1
A11,36,A32,A42,2712,1,5,2,3,1,2,A122,41,1,2,1,3,2,1,1,2
A11,8,A34,A40,731,1,5,4,3,1,4,A121,47,3,2,2,2,1,1,1,1
A14,18,A34,A42,3780,1,2,3,1,1,2,A123,35,3,2,2,4,1,2,1,1
A11,21,A34,A40,1602,1,5,4,4,1,3,A123,30,3,2,2,3,1,2,1,1
A11,18,A34,A40,3966,1,5,1,2,1,4,A121,33,1,1,3,3,1,2,1,2
A14,18,A30,A49,4165,1,3,2,3,1,2,A123,36,2,2,2,3,2,1,1,2
A11,36,A32,A41,8335,5,5,3,3,1,4,A124,47,3,3,1,3,1,1,1,2
A12,48,A33,A49,6681,5,3,4,3,1,4,A124,38,3,3,1,3,2,2,1,1
A14,24,A33,A49,2375,3,3,4,3,1,2,A123,44,3,2,2,3,2,2,1,1
A11,18,A32,A40,1216,1,2,4,2,1,3,A123,23,3,1,1,3,1,2,1,2
A11,45,A30,A49,11816,1,5,2,3,1,4,A123,29,3,1,2,3,1,1,1,2
A12,24,A32,A43,5084,5,5,2,2,1,4,A123,42,3,2,1,3,1,2,1,1
A13,15,A32,A43,2327,1,2,2,2,1,3,A121,25,3,2,1,2,1,1,1,2
A11,12,A30,A40,1082,1,3,4,3,1,4,A123,48,1,2,2,3,1,1,1,2
A14,12,A32,A43,886,5,3,4,2,1,2,A123,21,3,2,1,3,1,1,1,1
A14,4,A32,A42,601,1,2,1,2,1,3,A121,23,3,1,1,2,2,1,1,1
A11,24,A34,A41,2957,1,5,4,3,1,4,A122,63,3,2,2,3,1,2,1,1
A14,24,A34,A43,2611,1,5,4,4,2,3,A121,46,3,2,2,3,1,1,1,1
A11,36,A32,A42,5179,1,4,4,3,1,2,A122,29,3,2,1,3,1,1,1,2
A14,21,A33,A41,2993,1,3,3,3,1,2,A121,28,2,2,2,2,1,1,1,1
A14,18,A32,A45,1943,1,2,4,2,1,4,A121,23,3,2,1,3,1,1,1,2
A14,24,A31,A49,1559,1,4,4,3,1,4,A123,50,1,2,1,3,1,2,1,1
A14,18,A32,A42,3422,1,5,4,3,1,4,A122,47,1,2,3,3,2,2,1,1
A12,21,A32,A42,3976,5,4,2,3,1,3,A123,35,3,2,1,3,1,2,1,1
A14,18,A32,A40,6761,5,3,2,3,1,4,A123,68,3,1,2,3,1,1,1,2
A14,24,A32,A40,1249,1,2,4,4,1,2,A121,28,3,2,1,3,1,1,1,1
A11,9,A32,A43,1364,1,4,3,3,1,4,A121,59,3,2,1,3,1,1,1,1
A11,12,A32,A43,709,1,5,4,3,1,4,A121,57,2,2,1,2,1,1,1,2
A11,20,A34,A40,2235,1,3,4,4,3,2,A122,33,1,1,2,3,1,1,2,2
A14,24,A34,A41,4042,5,4,3,3,1,4,A122,43,3,2,2,3,1,2,1,1
A14,15,A34,A43,1471,1,3,4,3,1,4,A124,35,3,3,2,3,1,2,1,1
A11,18,A31,A40,1442,1,4,4,3,1,4,A124,32,3,3,2,2,2,1,1,2
A14,36,A33,A40,10875,1,5,2,3,1,2,A123,45,3,2,2,3,2,2,1,1
A14,24,A32,A40,1474,2,2,4,4,1,3,A121,33,3,2,1,3,1,2,1,1
A14,10,A32,A48,894,5,4,4,2,1,3,A122,40,3,2,1,3,1,2,1,1
A14,15,A34,A42,3343,1,3,4,3,1,2,A124,28,3,3,1,3,1,2,1,1
A11,15,A32,A40,3959,1,3,3,2,1,2,A122,29,3,2,1,3,1,2,1,2
A14,9,A32,A40,3577,2,3,1,3,3,2,A121,26,3,1,1,3,2,1,2,1
A14,24,A34,A41,5804,4,3,4,3,1,2,A121,27,3,2,2,3,1,1,1,1
A14,18,A33,A49,2169,1,3,4,4,1,2,A123,28,3,2,1,3,1,2,1,2
A11,24,A32,A43,2439,1,2,4,2,1,4,A121,35,3,2,1,3,1,2,1,2
A14,27,A34,A42,4526,4,2,4,3,1,2,A121,32,2,2,2,2,2,2,1,1
A14,10,A32,A42,2210,1,3,2,3,1,2,A121,25,1,1,1,2,1,1,1,2
A14,15,A32,A42,2221,3,3,2,2,1,4,A123,20,3,1,1,3,1,1,1,1
A11,18,A32,A43,2389,1,2,4,2,1,1,A123,27,2,2,1,3,1,1,1,1
A14,12,A34,A42,3331,1,5,2,3,1,4,A122,42,2,2,1,3,1,1,1,1
A14,36,A32,A49,7409,5,5,3,3,1,2,A122,37,3,2,2,3,1,1,1,1
A11,12,A32,A42,652,1,5,4,2,1,4,A122,24,3,1,1,3,1,1,1,1
A14,36,A33,A42,7678,3,4,2,2,1,4,A123,40,3,2,2,3,1,2,1,1
A13,6,A34,A40,1343,1,5,1,3,1,4,A121,46,3,2,2,3,2,1,2,1
A11,24,A34,A49,1382,2,4,4,3,1,1,A121,26,3,2,2,3,1,2,1,1
A14,15,A32,A44,874,5,2,4,2,1,1,A121,24,3,2,1,3,1,1,1,1
A11,12,A32,A42,3590,1,3,2,3,2,2,A122,29,3,2,1,2,2,1,1,1
A12,11,A34,A40,1322,4,3,4,2,1,4,A123,40,3,2,2,3,1,1,1,1
A11,18,A31,A43,1940,1,2,3,3,2,4,A124,36,1,3,1,4,1,2,1,1
A14,36,A32,A43,3595,1,5,4,3,1,2,A123,28,3,2,1,3,1,1,1,1
A11,9,A32,A40,1422,1,2,3,3,1,2,A124,27,3,3,1,4,1,2,1,2
A14,30,A34,A43,6742,5,4,2,3,1,3,A122,36,3,2,2,3,1,1,1,1
A14,24,A32,A41,7814,1,4,3,3,1,3,A123,38,3,2,1,4,1,2,1,1
A14,24,A32,A41,9277,5,3,2,1,1,4,A124,48,3,3,1,3,1,2,1,1
A12,30,A34,A40,2181,5,5,4,3,1,4,A121,36,3,2,2,3,1,1,1,1
A14,18,A34,A43,1098,1,1,4,2,1,4,A123,65,3,2,2,1,1,1,1,1
A12,24,A32,A42,4057,1,4,3,1,1,3,A123,43,3,2,1,3,1,2,1,2
A11,12,A32,A46,795,1,2,4,2,1,4,A122,53,3,2,1,3,1,1,1,2
A12,24,A34,A49,2825,5,4,4,3,1,3,A124,34,3,2,2,3,2,2,1,1
A12,48,A32,A49,15672,1,3,2,3,1,2,A123,23,3,2,1,3,1,2,1,2
A14,36,A34,A40,6614,1,5,4,3,1,4,A123,34,3,2,2,4,1,2,1,1
A14,28,A31,A41,7824,5,2,3,3,3,4,A121,40,1,1,2,3,2,2,1,1
A11,27,A34,A49,2442,1,5,4,3,1,4,A123,43,2,2,4,4,2,2,1,1
A14,15,A34,A43,1829,1,5,4,3,1,4,A123,46,3,2,2,3,1,2,1,1
A11,12,A34,A40,2171,1,3,4,3,1,4,A122,38,1,2,2,2,1,1,2,1
A12,36,A34,A41,5800,1,3,3,3,1,4,A123,34,3,2,2,3,1,2,1,1
A14,18,A34,A43,1169,5,3,4,3,1,3,A122,29,3,2,2,3,1,2,1,1
A14,36,A33,A41,8947,5,4,3,3,1,2,A123,31,2,2,1,4,2,2,1,1
A11,21,A32,A43,2606,1,2,4,2,1,4,A122,28,3,1,1,4,1,2,1,1
A14,12,A34,A42,1592,4,4,3,2,1,2,A122,35,3,2,1,3,1,1,2,1
A14,15,A32,A42,2186,5,4,1,2,1,4,A121,33,1,1,1,2,1,1,1,1
A11,18,A32,A42,4153,1,3,2,3,2,3,A123,42,3,2,1,3,1,1,1,2
A11,16,A34,A40,2625,1,5,2,3,3,4,A122,43,1,1,1,3,1,2,1,2
A14,20,A34,A40,3485,5,2,2,1,1,4,A121,44,3,2,2,3,1,2,1,1
A14,36,A34,A41,10477,5,5,2,3,1,4,A124,42,3,3,2,3,1,1,1,1
A14,15,A32,A43,1386,5,3,4,4,1,2,A121,40,3,1,1,3,1,2,1,1
A14,24,A32,A43,1278,1,5,4,3,1,1,A121,36,3,2,1,4,1,2,1,1
A11,12,A32,A43,1107,1,3,2,3,1,2,A121,20,3,1,1,4,2,2,1,1
A11,21,A32,A40,3763,5,4,2,3,2,2,A121,24,3,2,1,2,1,1,2,1
A12,36,A32,A46,3711,5,3,2,4,1,2,A123,27,3,2,1,3,1,1,1,1
A14,15,A33,A41,3594,1,2,1,2,1,2,A122,46,3,2,2,2,1,1,1,1
A12,9,A32,A40,3195,5,3,1,2,1,2,A121,33,3,2,1,2,1,1,1,1
A14,36,A33,A43,4454,1,3,4,2,1,4,A121,34,3,2,2,3,1,1,1,1
A12,24,A34,A42,4736,1,2,2,2,1,4,A123,25,1,2,1,2,1,1,1,2
A12,30,A32,A43,2991,5,5,2,2,1,4,A123,25,3,2,1,3,1,1,1,1
A14,11,A32,A49,2142,4,5,1,1,1,2,A121,28,3,2,1,3,1,2,1,1
A11,24,A31,A49,3161,1,3,4,3,1,2,A122,31,3,1,1,3,1,2,1,2
A12,48,A30,A410,18424,1,3,1,2,1,2,A122,32,1,2,1,4,1,2,2,2
A14,10,A32,A41,2848,2,3,1,3,2,2,A121,32,3,2,1,3,2,1,1,1
A11,6,A32,A40,14896,1,5,1,3,1,4,A124,68,1,2,1,4,1,2,1,2
A11,24,A32,A42,2359,2,1,1,1,1,1,A122,33,3,2,1,3,1,1,1,2
A11,24,A32,A42,3345,1,5,4,3,1,2,A122,39,3,1,1,4,1,2,1,2
A14,18,A34,A42,1817,1,3,4,2,1,2,A124,28,3,2,2,3,1,1,1,1
A14,48,A33,A43,12749,3,4,4,3,1,1,A123,37,3,2,1,4,1,2,1,1
A11,9,A32,A43,1366,1,2,3,2,1,4,A122,22,3,1,1,3,1,1,1,2
A12,12,A32,A40,2002,1,4,3,3,1,4,A122,30,3,1,1,3,2,2,1,1
A11,24,A31,A42,6872,1,2,2,1,1,1,A122,55,1,2,1,3,1,2,1,2
A11,12,A31,A40,697,1,2,4,3,1,2,A123,46,1,2,2,3,1,2,1,2
A11,18,A34,A42,1049,1,2,4,2,1,4,A122,21,3,1,1,3,1,1,1,1
A11,48,A32,A41,10297,1,4,4,3,1,4,A124,39,2,3,3,3,2,2,1,2
A14,30,A32,A43,1867,5,5,4,3,1,4,A123,58,3,2,1,3,1,2,1,1
A11,12,A33,A40,1344,1,3,4,3,1,2,A121,43,3,2,2,2,2,1,1,1
A11,24,A32,A42,1747,1,2,4,3,2,1,A122,24,3,2,1,2,1,1,2,1
A12,9,A32,A43,1670,1,2,4,2,1,2,A123,22,3,2,1,3,1,2,1,2
A14,9,A34,A40,1224,1,3,3,3,1,1,A121,30,3,2,2,3,1,1,1,1
A14,12,A34,A43,522,3,5,4,3,1,4,A122,42,3,2,2,3,2,2,1,1
A11,12,A32,A43,1498,1,3,4,2,1,1,A123,23,1,2,1,3,1,1,1,1
A12,30,A33,A43,1919,2,2,4,3,1,3,A124,30,2,2,2,4,1,1,1,2
A13,9,A32,A43,745,1,3,3,2,1,2,A121,28,3,2,1,2,1,1,1,2
A12,6,A32,A43,2063,1,2,4,4,1,3,A123,30,3,1,1,4,1,2,1,1
A12,60,A32,A46,6288,1,3,4,3,1,4,A124,42,3,3,1,3,1,1,1,2
A14,24,A34,A41,6842,5,3,2,3,1,4,A122,46,3,2,2,4,2,2,1,1
A14,12,A32,A40,3527,5,2,2,3,1,3,A122,45,3,2,1,4,2,2,1,1
A14,10,A32,A40,1546,1,3,3,3,1,2,A121,31,3,2,1,2,2,1,2,1
A14,24,A32,A42,929,5,4,4,3,1,2,A123,31,2,2,1,3,1,2,1,1
A14,4,A34,A40,1455,1,4,2,3,1,1,A121,42,3,2,3,2,2,1,1,1
A11,15,A32,A42,1845,1,2,4,2,3,1,A122,46,3,1,1,3,1,1,1,1
A12,48,A30,A40,8358,3,2,1,2,1,1,A123,30,3,2,2,3,1,1,1,1
A11,24,A31,A42,3349,3,2,4,3,1,4,A124,30,3,3,1,3,2,2,1,2
A14,12,A32,A40,2859,5,1,4,3,1,4,A124,38,3,2,1,4,1,2,1,1
A14,18,A32,A42,1533,1,2,4,4,2,1,A122,43,3,2,1,2,2,1,1,2
A14,24,A32,A43,3621,2,5,2,3,1,4,A123,31,3,2,2,3,1,1,1,2
A12,18,A34,A49,3590,1,1,3,4,1,3,A123,40,3,2,3,1,2,2,1,1
A11,36,A33,A49,2145,1,4,2,3,1,1,A123,24,3,2,2,3,1,2,1,2
A12,24,A32,A41,4113,3,2,3,2,1,4,A123,28,3,1,1,3,1,1,1,2
A14,36,A32,A42,10974,1,1,4,2,1,2,A123,26,3,2,2,4,1,2,1,2
A11,12,A32,A40,1893,1,3,4,2,3,4,A122,29,3,2,1,3,1,2,1,1
A11,24,A34,A43,1231,4,5,4,2,1,4,A122,57,3,1,2,4,1,2,1,1
A13,30,A34,A43,3656,5,5,4,3,1,4,A122,49,2,2,2,2,1,1,1,1
A12,9,A34,A43,1154,1,5,2,3,1,4,A121,37,3,2,3,2,1,1,1,1
A11,28,A32,A40,4006,1,3,3,3,1,2,A123,45,3,2,1,2,1,1,1,2
A12,24,A32,A42,3069,2,5,4,3,1,4,A124,30,3,3,1,3,1,1,1,1
A14,6,A34,A43,1740,1,5,2,4,1,2,A121,30,3,1,2,3,1,1,1,1
A12,21,A33,A40,2353,1,3,1,1,1,4,A122,47,3,2,2,3,1,1,1,1
A14,15,A32,A40,3556,5,3,3,3,1,2,A124,29,3,2,1,3,1,1,1,1
A14,24,A32,A43,2397,3,5,3,3,1,2,A123,35,1,2,2,3,1,2,1,2
A12,6,A32,A45,454,1,2,3,4,1,1,A122,22,3,2,1,2,1,1,1,1
A12,30,A32,A43,1715,5,3,4,2,1,1,A123,26,3,2,1,3,1,1,1,1
A12,27,A34,A43,2520,3,3,4,3,1,2,A122,23,3,2,2,2,1,1,1,2
A14,15,A32,A43,3568,1,5,4,2,1,2,A123,54,1,1,1,4,1,2,1,1
A14,42,A32,A43,7166,5,4,2,4,1,4,A122,29,3,1,1,3,1,2,1,1
A11,11,A34,A40,3939,1,3,1,3,1,2,A121,40,3,2,2,2,2,1,1,1
A12,15,A32,A45,1514,2,3,4,3,3,2,A121,22,3,2,1,3,1,1,1,1
A14,24,A32,A40,7393,1,3,1,3,1,4,A122,43,3,2,1,2,2,1,1,1
A11,24,A31,A40,1193,1,1,1,2,2,4,A124,29,3,1,2,1,1,1,1,2
A11,60,A32,A49,7297,1,5,4,3,2,4,A124,36,3,1,1,3,1,1,1,2
A14,30,A34,A43,2831,1,3,4,2,1,2,A123,33,3,2,1,3,1,2,1,1
A13,24,A32,A43,1258,3,3,3,2,1,3,A123,57,3,2,1,2,1,1,1,1
A12,6,A32,A43,753,1,3,2,2,3,3,A121,64,3,2,1,3,1,1,1,1
A12,18,A33,A49,2427,5,5,4,3,1,2,A122,42,3,2,2,3,1,1,1,1
A14,24,A33,A40,2538,1,5,4,3,1,4,A123,47,3,2,2,2,2,1,1,2
A12,15,A31,A40,1264,2,3,2,4,1,2,A122,25,3,1,1,3,1,1,1,2
A12,30,A34,A42,8386,1,4,2,3,1,2,A122,49,3,2,1,3,1,1,1,2
A14,48,A32,A49,4844,1,1,3,3,1,2,A123,33,1,1,1,4,1,2,1,2
A13,21,A32,A40,2923,2,3,1,2,1,1,A123,28,1,2,1,4,1,2,1,1
A11,36,A32,A41,8229,1,3,2,3,1,2,A122,26,3,2,1,3,2,1,1,2
A14,24,A34,A42,2028,1,4,2,3,1,2,A122,30,3,2,2,2,1,1,1,1
A11,15,A34,A42,1433,1,3,4,2,1,3,A122,25,3,1,2,3,1,1,1,1
A13,42,A30,A49,6289,1,2,2,1,1,1,A122,33,3,2,2,3,1,1,1,1
A14,13,A32,A43,1409,2,1,2,2,1,4,A121,64,3,2,1,3,1,1,1,1
A11,24,A32,A41,6579,1,1,4,3,1,2,A124,29,3,3,1,4,1,2,1,1
A12,24,A34,A43,1743,1,5,4,3,1,2,A122,48,3,2,2,2,1,1,1,1
A14,12,A34,A46,3565,5,2,2,3,1,1,A122,37,3,2,2,2,2,1,1,1
A14,15,A31,A43,1569,2,5,4,3,1,4,A123,34,1,2,1,2,2,1,1,1
A11,18,A32,A43,1936,5,4,2,4,1,4,A123,23,3,1,2,2,1,1,1,1
A11,36,A32,A42,3959,1,1,4,3,1,3,A122,30,3,2,1,4,1,2,1,1
A14,12,A32,A40,2390,5,5,4,3,1,3,A123,50,3,2,1,3,1,2,1,1
A14,12,A32,A42,1736,1,4,3,2,1,4,A121,31,3,2,1,2,1,1,1,1
A11,30,A32,A41,3857,1,3,4,1,1,4,A122,40,3,2,1,4,1,2,1,1
A14,12,A32,A43,804,1,5,4,3,1,4,A123,38,3,2,1,3,1,1,1,1
A11,45,A32,A43,1845,1,3,4,3,1,4,A124,23,3,3,1,3,1,2,1,2
A12,45,A34,A41,4576,2,1,3,3,1,4,A123,27,3,2,1,3,1,1,1,1
